payer_id,payer_name,plan_type
1,UnitedGroup,Medicare
2,HealthSolutions,PPO
3,LifeSolutions,Medicare
4,HealthGroup,Medicaid
5,MedGroup,Medicare
6,PrimeSystems,PPO
7,TrustSolutions,Medicaid
8,SecureSystems,PPO
9,TrustInc,Medicaid
10,UnitedSolutions,Medicaid
11,UnitedPartners,Medicare
12,HealthNetwork,PPO
13,LifeNetwork,PPO
14,LifeSystems,Medicare
15,CareSolutions,PPO
16,WellInc,PPO
17,WellSystems,PPO
18,TrustSystems,Medicaid
19,TrustNetwork,Medicaid
20,PrimeGroup,Medicaid
21,SecureSolutions,PPO
22,CarePartners,Medicare
23,WellGroup,PPO
24,LifeGroup,PPO
25,SecureInc,Medicaid
26,HealthGroup,Medicaid
27,UnitedSystems,Medicare
28,SecurePartners,Medicare
29,SecureCorp,Medicaid
30,LifeInc,Medicaid
31,WellGroup,PPO
32,WellSolutions,PPO
33,TrustGroup,Medicaid
34,SecureSolutions,Medicare
35,HealthNetwork,Medicare
36,UnitedInc,PPO
37,HealthNetwork,Medicare
38,SecureSolutions,PPO
39,HealthInc,PPO
40,TrustNetwork,PPO
41,LifeInc,Medicaid
42,HealthCorp,Medicare
43,SecureSystems,Medicare
44,UnitedSystems,Medicare
45,WellGroup,Medicaid
46,SecureInc,PPO
47,WellPartners,Medicare
48,CareSolutions,PPO
49,CareSolutions,PPO
50,UnitedInc,Medicare
51,WellPartners,Medicaid
52,TrustCorp,PPO
53,LifeSolutions,PPO
54,LifeSolutions,Medicare
55,MedPartners,PPO
56,CareCorp,PPO
57,LifeInc,Medicare
58,UnitedGroup,Medicare
59,LifeCorp,Medicare
60,WellGroup,Medicare
61,SecureSolutions,Medicare
62,TrustCorp,PPO
63,MedCorp,Medicare
64,PrimeSystems,Medicare
65,HealthInc,PPO
66,CareSolutions,Medicaid
67,UnitedGroup,PPO
68,HealthNetwork,Medicaid
69,HealthPartners,Medicare
70,HealthPartners,PPO
71,WellCorp,Medicaid
72,LifeGroup,Medicare
73,TrustCorp,Medicare
74,PrimeSolutions,PPO
75,UnitedInc,PPO
76,HealthCorp,PPO
77,UnitedCorp,PPO
78,WellGroup,Medicare
79,UnitedInc,Medicare
80,PrimeGroup,Medicaid
81,MedPartners,Medicare
82,PrimeCorp,PPO
83,TrustSolutions,PPO
84,CareNetwork,Medicare
85,CarePartners,PPO
86,PrimeNetwork,Medicare
87,SecureInc,PPO
88,CareCorp,Medicare
89,TrustCorp,PPO
90,HealthSystems,PPO
91,HealthSystems,Medicaid
92,TrustInc,Medicaid
93,TrustGroup,PPO
94,TrustNetwork,Medicaid
95,LifeInc,Medicare
96,MedInc,Medicaid
97,CareInc,Medicaid
98,PrimePartners,PPO
99,HealthNetwork,Medicaid
100,PrimeCorp,PPO
101,TrustPartners,Medicare
102,LifePartners,Medicare
103,LifeInc,PPO
104,WellNetwork,Medicaid
105,HealthPartners,Medicare
106,HealthNetwork,PPO
107,SecureCorp,Medicare
108,HealthGroup,Medicare
109,PrimeCorp,Medicaid
110,UnitedNetwork,Medicare
111,SecureInc,Medicare
112,CareSystems,Medicare
113,WellSolutions,Medicaid
114,UnitedGroup,PPO
115,SecureSolutions,PPO
116,PrimeInc,PPO
117,HealthInc,Medicare
118,WellInc,PPO
119,TrustSystems,Medicare
120,CareInc,Medicare
121,SecureGroup,Medicare
122,WellPartners,Medicare
123,TrustInc,Medicare
124,WellSolutions,Medicaid
125,WellSolutions,Medicaid
126,PrimeInc,Medicare
127,HealthInc,Medicare
128,MedInc,Medicare
129,UnitedSystems,PPO
130,HealthInc,PPO
131,SecureGroup,PPO
132,CareCorp,PPO
133,WellGroup,PPO
134,PrimeCorp,PPO
135,TrustSystems,Medicaid
136,UnitedCorp,Medicare
137,WellGroup,Medicare
138,WellCorp,PPO
139,TrustNetwork,Medicaid
140,CareSystems,Medicare
141,WellSolutions,Medicare
142,MedNetwork,Medicaid
143,HealthGroup,Medicaid
144,LifeInc,PPO
145,LifeInc,Medicare
146,CareSolutions,PPO
147,UnitedSystems,Medicare
148,CareCorp,PPO
149,UnitedPartners,Medicare
150,PrimeInc,PPO
151,CareSolutions,PPO
152,UnitedSystems,Medicare
153,HealthGroup,Medicare
154,CareSystems,Medicare
155,UnitedSolutions,PPO
156,LifeCorp,PPO
157,MedGroup,Medicare
158,TrustInc,Medicare
159,CareInc,PPO
160,MedInc,Medicare
161,CareSystems,PPO
162,UnitedSystems,PPO
163,UnitedCorp,PPO
164,WellGroup,Medicare
165,SecureCorp,PPO
166,UnitedCorp,PPO
167,UnitedGroup,PPO
168,MedCorp,Medicare
169,PrimeGroup,PPO
170,TrustCorp,Medicare
171,SecurePartners,Medicaid
172,PrimeSolutions,Medicaid
173,HealthInc,PPO
174,TrustPartners,Medicare
175,LifePartners,PPO
176,PrimeNetwork,PPO
177,LifeSystems,PPO
178,MedGroup,Medicaid
179,CareNetwork,Medicaid
180,SecureSolutions,Medicaid
181,SecureSolutions,Medicare
182,MedGroup,PPO
183,UnitedPartners,PPO
184,PrimeInc,Medicare
185,UnitedNetwork,Medicare
186,UnitedPartners,PPO
187,LifeInc,Medicaid
188,UnitedPartners,Medicare
189,TrustPartners,PPO
190,UnitedNetwork,Medicare
191,TrustCorp,Medicaid
192,CareInc,Medicare
193,UnitedSystems,Medicaid
194,CareInc,Medicare
195,PrimeSystems,PPO
196,TrustInc,Medicare
197,LifeSolutions,Medicare
198,MedPartners,PPO
199,TrustSolutions,PPO
200,WellGroup,PPO
201,UnitedSystems,Medicaid
202,CareNetwork,PPO
203,SecureSystems,Medicare
204,SecurePartners,Medicare
205,CareGroup,Medicare
206,HealthSystems,PPO
207,HealthGroup,Medicaid
208,UnitedInc,Medicaid
209,HealthGroup,Medicare
210,WellSystems,Medicare
211,LifeSolutions,PPO
212,MedGroup,PPO
213,WellCorp,PPO
214,MedCorp,PPO
215,UnitedSystems,Medicare
216,LifeSolutions,Medicaid
217,UnitedSystems,Medicare
218,SecureCorp,Medicare
219,MedSolutions,PPO
220,SecureSystems,Medicaid
221,SecureCorp,PPO
222,UnitedPartners,PPO
223,WellPartners,PPO
224,TrustPartners,Medicare
225,CarePartners,Medicare
226,WellGroup,PPO
227,SecureNetwork,PPO
228,UnitedSolutions,Medicare
229,LifeSolutions,PPO
230,SecureInc,Medicare
231,WellSystems,Medicaid
232,MedPartners,PPO
233,CareInc,PPO
234,CareNetwork,Medicaid
235,MedSolutions,PPO
236,LifeGroup,PPO
237,LifePartners,Medicare
238,UnitedSystems,PPO
239,LifeSolutions,Medicaid
240,MedPartners,PPO
241,WellNetwork,Medicare
242,CareCorp,PPO
243,LifeCorp,PPO
244,WellSystems,PPO
245,HealthGroup,Medicare
246,MedSolutions,Medicare
247,HealthSystems,PPO
248,PrimeCorp,Medicare
249,PrimeSystems,Medicaid
250,PrimeNetwork,Medicaid
251,TrustSystems,Medicare
252,HealthSystems,PPO
253,UnitedSolutions,Medicare
254,TrustPartners,Medicaid
255,SecurePartners,PPO
256,UnitedCorp,Medicare
257,SecureGroup,Medicaid
258,TrustCorp,Medicare
259,MedPartners,Medicare
260,TrustPartners,PPO
261,LifeGroup,PPO
262,SecureSystems,PPO
263,CareCorp,Medicare
264,MedSystems,Medicare
265,SecureCorp,PPO
266,HealthSolutions,PPO
267,PrimeInc,PPO
268,CareInc,PPO
269,CarePartners,PPO
270,CareSystems,PPO
271,PrimeNetwork,Medicare
272,PrimeCorp,Medicare
273,SecurePartners,Medicaid
274,CareNetwork,PPO
275,HealthSystems,PPO
276,SecureCorp,Medicaid
277,TrustPartners,PPO
278,WellSolutions,Medicare
279,CareSolutions,Medicare
280,LifeInc,Medicare
281,HealthPartners,Medicare
282,TrustGroup,Medicare
283,CareGroup,Medicaid
284,WellCorp,Medicaid
285,CareInc,Medicare
286,PrimePartners,Medicare
287,CareNetwork,Medicare
288,CareSolutions,PPO
289,LifeCorp,PPO
290,SecureInc,Medicare
291,PrimePartners,Medicare
292,SecureCorp,Medicare
293,MedSystems,PPO
294,MedNetwork,Medicaid
295,UnitedPartners,Medicare
296,PrimeInc,PPO
297,HealthSolutions,PPO
298,WellNetwork,Medicare
299,MedCorp,Medicare
300,LifeInc,Medicaid
301,WellGroup,PPO
302,LifeCorp,PPO
303,UnitedSystems,PPO
304,WellCorp,Medicare
305,CareInc,Medicare
306,HealthSystems,PPO
307,MedSolutions,PPO
308,HealthGroup,PPO
309,WellNetwork,Medicaid
310,SecureGroup,PPO
311,CareInc,PPO
312,SecureSolutions,Medicare
313,SecurePartners,PPO
314,PrimeCorp,PPO
315,LifeNetwork,PPO
316,PrimeGroup,Medicare
317,LifeSolutions,Medicaid
318,WellGroup,Medicaid
319,MedPartners,Medicare
320,CareSolutions,Medicare
321,LifeSolutions,PPO
322,SecureInc,Medicare
323,CareGroup,PPO
324,PrimePartners,Medicare
325,HealthGroup,PPO
326,UnitedInc,Medicaid
327,WellInc,Medicaid
328,HealthPartners,Medicaid
329,HealthNetwork,Medicare
330,WellInc,Medicare
331,MedGroup,Medicaid
332,CareCorp,PPO
333,HealthGroup,Medicare
334,UnitedCorp,Medicare
335,HealthSolutions,PPO
336,UnitedInc,Medicare
337,LifePartners,Medicare
338,UnitedPartners,Medicaid
339,SecureCorp,Medicare
340,PrimeGroup,Medicaid
341,PrimeSystems,Medicaid
342,WellPartners,Medicare
343,PrimeSystems,PPO
344,HealthSystems,Medicaid
345,SecureSolutions,PPO
346,CareInc,Medicare
347,MedNetwork,PPO
348,HealthSystems,Medicaid
349,TrustInc,Medicaid
350,LifeSolutions,PPO
351,SecureCorp,PPO
352,HealthSolutions,Medicare
353,WellCorp,Medicaid
354,WellSystems,Medicare
355,CareGroup,PPO
356,SecurePartners,Medicare
357,UnitedPartners,Medicare
358,MedCorp,PPO
359,CareCorp,Medicaid
360,HealthCorp,PPO
361,UnitedGroup,Medicare
362,MedGroup,PPO
363,CareSolutions,PPO
364,LifeSolutions,Medicare
365,PrimePartners,PPO
366,CareNetwork,Medicaid
367,MedNetwork,Medicaid
368,WellGroup,PPO
369,TrustNetwork,PPO
370,MedSolutions,PPO
371,HealthGroup,Medicare
372,SecureGroup,PPO
373,CareGroup,Medicare
374,WellSolutions,Medicare
375,HealthSystems,PPO
376,SecureSolutions,Medicare
377,CareCorp,Medicare
378,UnitedCorp,Medicaid
379,PrimeInc,PPO
380,TrustInc,PPO
381,WellSystems,PPO
382,LifePartners,Medicaid
383,TrustSolutions,Medicare
384,PrimeInc,Medicare
385,SecurePartners,Medicare
386,CarePartners,PPO
387,HealthInc,Medicare
388,SecureInc,PPO
389,WellCorp,PPO
390,WellSolutions,Medicare
391,LifeSystems,Medicare
392,WellSystems,Medicaid
393,LifeInc,Medicare
394,PrimeSystems,Medicaid
395,CareSystems,Medicare
396,PrimeSolutions,Medicare
397,MedNetwork,Medicaid
398,SecureGroup,Medicare
399,WellCorp,Medicare
400,CareSolutions,PPO
401,SecureCorp,Medicaid
402,SecureInc,Medicare
403,CareCorp,Medicare
404,TrustNetwork,Medicare
405,UnitedGroup,Medicare
406,UnitedInc,Medicare
407,LifeInc,Medicare
408,CarePartners,Medicare
409,CarePartners,PPO
410,SecureGroup,Medicare
411,UnitedSystems,PPO
412,WellSolutions,PPO
413,PrimePartners,Medicaid
414,HealthPartners,Medicare
415,WellSolutions,Medicaid
416,LifeSolutions,Medicaid
417,PrimeInc,PPO
418,TrustSolutions,PPO
419,HealthSystems,Medicare
420,LifeGroup,PPO
421,WellNetwork,Medicare
422,LifeInc,Medicaid
423,LifeGroup,PPO
424,SecureSolutions,Medicare
425,WellNetwork,Medicare
426,MedCorp,PPO
427,WellPartners,PPO
428,TrustPartners,PPO
429,HealthNetwork,Medicare
430,CareSystems,PPO
431,UnitedSolutions,PPO
432,PrimeCorp,PPO
433,CareInc,Medicare
434,WellSolutions,Medicare
435,HealthSystems,PPO
436,TrustInc,Medicaid
437,MedInc,Medicaid
438,CareSolutions,Medicare
439,SecureInc,Medicare
440,PrimeSolutions,Medicare
441,HealthGroup,PPO
442,WellNetwork,Medicaid
443,SecureNetwork,Medicaid
444,HealthSystems,Medicare
445,PrimeCorp,Medicare
446,SecureCorp,Medicare
447,MedPartners,Medicaid
448,UnitedCorp,Medicaid
449,SecurePartners,Medicare
450,SecureSystems,PPO
451,MedGroup,PPO
452,UnitedNetwork,Medicare
453,WellNetwork,PPO
454,UnitedSystems,Medicare
455,SecureCorp,PPO
456,TrustPartners,Medicare
457,SecureNetwork,Medicaid
458,PrimeSolutions,Medicaid
459,CareGroup,PPO
460,PrimePartners,PPO
461,HealthSystems,PPO
462,SecureGroup,Medicare
463,TrustGroup,Medicaid
464,TrustSolutions,PPO
465,LifePartners,Medicare
466,HealthCorp,Medicare
467,TrustSystems,PPO
468,PrimeSolutions,Medicare
469,PrimeGroup,PPO
470,UnitedPartners,Medicare
471,CareNetwork,PPO
472,UnitedNetwork,PPO
473,CareGroup,Medicare
474,HealthPartners,PPO
475,MedNetwork,PPO
476,UnitedSolutions,Medicaid
477,CareSystems,Medicare
478,UnitedSystems,Medicare
479,MedSystems,Medicare
480,WellNetwork,Medicaid
481,UnitedInc,Medicaid
482,LifeGroup,PPO
483,HealthCorp,Medicaid
484,HealthGroup,Medicare
485,PrimeCorp,Medicare
486,UnitedPartners,Medicare
487,UnitedSolutions,Medicare
488,PrimeGroup,Medicare
489,SecureNetwork,PPO
490,HealthCorp,Medicare
491,MedPartners,PPO
492,LifeCorp,Medicaid
493,CareNetwork,PPO
494,SecureSystems,Medicare
495,LifeSystems,PPO
496,TrustGroup,Medicare
497,MedSolutions,Medicare
498,MedInc,PPO
499,HealthInc,Medicare
500,HealthSolutions,Medicaid
501,LifeCorp,Medicare
502,SecureNetwork,Medicare
503,MedSolutions,PPO
504,CareSystems,Medicare
505,MedGroup,PPO
506,PrimeSystems,Medicare
507,TrustSolutions,PPO
508,LifeSolutions,Medicare
509,HealthCorp,Medicare
510,MedSystems,Medicare
511,CareNetwork,PPO
512,TrustCorp,Medicare
513,TrustGroup,Medicaid
514,TrustGroup,Medicaid
515,MedSolutions,Medicare
516,CareSystems,Medicaid
517,LifeNetwork,PPO
518,CareCorp,Medicare
519,MedNetwork,Medicaid
520,WellGroup,Medicare
521,MedNetwork,Medicare
522,WellSolutions,PPO
523,UnitedSystems,PPO
524,LifeGroup,Medicare
525,MedGroup,PPO
526,HealthNetwork,Medicaid
527,MedInc,Medicare
528,UnitedCorp,PPO
529,TrustCorp,Medicaid
530,HealthPartners,Medicare
531,CareInc,PPO
532,MedNetwork,Medicare
533,PrimePartners,PPO
534,HealthPartners,PPO
535,SecureSystems,PPO
536,WellSolutions,PPO
537,PrimeGroup,Medicare
538,CareNetwork,PPO
539,SecureGroup,Medicare
540,WellPartners,Medicare
541,LifeSolutions,Medicaid
542,UnitedCorp,PPO
543,SecureNetwork,Medicaid
544,LifeSolutions,Medicare
545,MedGroup,PPO
546,LifeSolutions,Medicare
547,LifeSolutions,Medicare
548,LifePartners,Medicare
549,TrustSolutions,PPO
550,HealthCorp,Medicare
551,SecurePartners,Medicare
552,SecureSolutions,PPO
553,CareGroup,PPO
554,WellSolutions,Medicare
555,LifeSystems,PPO
556,UnitedPartners,Medicare
557,HealthCorp,PPO
558,UnitedGroup,PPO
559,UnitedInc,PPO
560,TrustPartners,Medicaid
561,WellCorp,Medicare
562,UnitedCorp,PPO
563,PrimeCorp,Medicare
564,CareCorp,PPO
565,UnitedCorp,Medicare
566,WellCorp,PPO
567,HealthInc,Medicaid
568,UnitedInc,PPO
569,WellInc,PPO
570,WellCorp,Medicaid
571,MedSystems,PPO
572,LifeGroup,Medicare
573,SecurePartners,PPO
574,PrimeCorp,Medicare
575,CareCorp,Medicare
576,CareSolutions,PPO
577,WellCorp,PPO
578,HealthSolutions,Medicare
579,WellSystems,PPO
580,UnitedPartners,Medicare
581,UnitedPartners,Medicaid
582,WellNetwork,Medicaid
583,WellPartners,Medicare
584,SecurePartners,Medicare
585,CareInc,Medicare
586,LifeCorp,Medicare
587,LifeGroup,Medicare
588,CareNetwork,PPO
589,TrustSolutions,Medicare
590,SecureGroup,PPO
591,WellNetwork,PPO
592,UnitedCorp,PPO
593,HealthPartners,Medicare
594,SecureCorp,Medicare
595,LifeSolutions,PPO
596,LifeGroup,Medicare
597,CareCorp,Medicare
598,MedSolutions,PPO
599,SecureInc,Medicaid
600,CareSolutions,PPO
601,HealthSystems,Medicare
602,UnitedPartners,PPO
603,WellSystems,Medicare
604,LifeInc,Medicare
605,LifeNetwork,Medicaid
606,MedNetwork,Medicare
607,CareGroup,PPO
608,WellNetwork,PPO
609,LifeSolutions,PPO
610,TrustInc,Medicare
611,PrimeInc,Medicare
612,WellPartners,PPO
613,PrimeSolutions,PPO
614,SecureCorp,Medicaid
615,UnitedSystems,PPO
616,UnitedNetwork,Medicaid
617,SecureSystems,Medicare
618,HealthCorp,Medicaid
619,MedGroup,PPO
620,LifeInc,PPO
621,HealthSolutions,Medicare
622,SecureInc,PPO
623,PrimeGroup,Medicare
624,HealthGroup,Medicare
625,MedSolutions,PPO
626,CareInc,Medicaid
627,LifeNetwork,PPO
628,PrimeInc,PPO
629,PrimeSolutions,Medicare
630,CareInc,Medicare
631,LifePartners,Medicaid
632,PrimeSystems,Medicaid
633,WellInc,Medicaid
634,LifeGroup,Medicaid
635,PrimeCorp,PPO
636,UnitedGroup,PPO
637,CareGroup,Medicare
638,TrustInc,Medicare
639,UnitedInc,Medicare
640,HealthSolutions,Medicare
641,PrimeCorp,PPO
642,PrimeSystems,Medicare
643,UnitedSystems,Medicare
644,TrustCorp,Medicare
645,UnitedSolutions,PPO
646,UnitedNetwork,Medicare
647,HealthSystems,PPO
648,LifeCorp,PPO
649,UnitedPartners,Medicaid
650,SecureInc,Medicare
651,MedInc,PPO
652,WellSolutions,Medicare
653,TrustSystems,PPO
654,LifeGroup,Medicare
655,WellGroup,Medicaid
656,MedGroup,PPO
657,WellGroup,Medicare
658,PrimePartners,PPO
659,UnitedSolutions,Medicare
660,PrimeGroup,Medicaid
661,WellGroup,Medicaid
662,HealthSolutions,Medicaid
663,LifeInc,PPO
664,MedCorp,Medicaid
665,HealthSystems,Medicaid
666,SecureNetwork,Medicaid
667,CareSystems,Medicare
668,HealthCorp,PPO
669,WellCorp,Medicare
670,PrimeCorp,PPO
671,PrimeCorp,PPO
672,HealthSystems,Medicaid
673,UnitedNetwork,Medicaid
674,CareNetwork,PPO
675,UnitedNetwork,Medicaid
676,HealthGroup,Medicare
677,HealthSolutions,Medicaid
678,LifeGroup,Medicare
679,PrimeSystems,Medicare
680,MedNetwork,PPO
681,PrimePartners,PPO
682,CareSystems,Medicaid
683,LifeInc,PPO
684,WellSolutions,Medicare
685,TrustSolutions,Medicare
686,LifeSystems,Medicaid
687,HealthInc,Medicare
688,PrimeSystems,Medicare
689,CareGroup,Medicare
690,HealthCorp,Medicare
691,UnitedCorp,PPO
692,TrustCorp,PPO
693,MedPartners,PPO
694,SecureCorp,Medicaid
695,HealthSystems,PPO
696,WellNetwork,Medicaid
697,HealthSystems,PPO
698,UnitedSystems,PPO
699,PrimePartners,Medicaid
700,TrustGroup,Medicare
701,SecureGroup,Medicaid
702,TrustSystems,Medicare
703,WellInc,Medicare
704,WellNetwork,Medicare
705,MedSolutions,PPO
706,LifeInc,Medicare
707,UnitedPartners,Medicare
708,LifePartners,Medicaid
709,TrustNetwork,Medicare
710,UnitedInc,Medicare
711,MedInc,Medicare
712,HealthInc,PPO
713,TrustCorp,Medicare
714,LifeSolutions,Medicare
715,HealthGroup,PPO
716,TrustGroup,Medicaid
717,PrimeGroup,PPO
718,PrimeNetwork,PPO
719,WellCorp,PPO
720,TrustSystems,Medicaid
721,TrustSystems,Medicare
722,TrustGroup,Medicaid
723,SecureInc,PPO
724,HealthPartners,Medicare
725,LifeSystems,PPO
726,LifeSolutions,Medicaid
727,UnitedInc,Medicaid
728,CareGroup,Medicaid
729,MedPartners,Medicare
730,WellCorp,Medicare
731,MedNetwork,Medicare
732,UnitedSystems,Medicaid
733,TrustGroup,Medicare
734,UnitedPartners,Medicare
735,WellInc,PPO
736,TrustGroup,Medicare
737,WellNetwork,Medicare
738,UnitedNetwork,PPO
739,LifeSolutions,PPO
740,MedPartners,Medicare
741,HealthNetwork,PPO
742,LifeSystems,PPO
743,TrustCorp,Medicare
744,UnitedCorp,Medicare
745,MedInc,PPO
746,MedInc,PPO
747,MedSolutions,Medicaid
748,TrustCorp,Medicare
749,TrustInc,Medicare
750,SecureCorp,PPO
751,UnitedNetwork,PPO
752,TrustNetwork,PPO
753,SecureNetwork,PPO
754,WellPartners,PPO
755,MedSolutions,PPO
756,HealthInc,PPO
757,HealthCorp,PPO
758,WellSolutions,Medicare
759,MedInc,PPO
760,CareSolutions,Medicare
761,HealthNetwork,Medicaid
762,LifeSystems,Medicare
763,WellCorp,Medicare
764,MedInc,PPO
765,TrustInc,Medicare
766,WellInc,PPO
767,CareCorp,Medicare
768,LifePartners,Medicare
769,SecureNetwork,Medicaid
770,LifePartners,Medicare
771,PrimeSystems,Medicare
772,MedCorp,Medicare
773,TrustNetwork,PPO
774,TrustSystems,PPO
775,WellCorp,PPO
776,PrimeGroup,Medicare
777,HealthGroup,Medicare
778,WellPartners,Medicare
779,CareSolutions,PPO
780,WellGroup,PPO
781,TrustNetwork,PPO
782,CareNetwork,PPO
783,LifeInc,PPO
784,PrimeSystems,Medicare
785,MedNetwork,Medicaid
786,WellPartners,PPO
787,TrustPartners,Medicare
788,CareNetwork,Medicare
789,SecureSystems,Medicare
790,CareGroup,Medicaid
791,SecureGroup,PPO
792,PrimeSolutions,PPO
793,LifePartners,PPO
794,HealthSolutions,PPO
795,TrustNetwork,PPO
796,PrimeInc,Medicare
797,TrustCorp,PPO
798,HealthCorp,Medicare
799,HealthGroup,PPO
800,CareInc,PPO
801,PrimeNetwork,PPO
802,CareGroup,Medicare
803,MedGroup,PPO
804,PrimeInc,Medicaid
805,SecureNetwork,Medicare
806,HealthSolutions,Medicare
807,PrimeCorp,Medicaid
808,UnitedSystems,Medicare
809,UnitedGroup,Medicare
810,MedSolutions,PPO
811,LifeSolutions,Medicaid
812,UnitedInc,PPO
813,SecureInc,Medicare
814,UnitedPartners,Medicare
815,UnitedSystems,Medicare
816,SecureGroup,Medicare
817,CareCorp,PPO
818,CareGroup,PPO
819,SecureCorp,Medicaid
820,MedSystems,PPO
821,UnitedSystems,PPO
822,WellPartners,Medicare
823,MedGroup,Medicare
824,PrimeSolutions,Medicare
825,SecureSolutions,Medicare
826,TrustPartners,Medicare
827,WellGroup,PPO
828,PrimeInc,Medicare
829,PrimeInc,Medicaid
830,CareInc,Medicare
831,TrustSolutions,Medicare
832,PrimeNetwork,Medicaid
833,UnitedInc,Medicare
834,LifeNetwork,Medicare
835,HealthInc,Medicaid
836,SecureInc,Medicare
837,WellSolutions,PPO
838,SecurePartners,Medicaid
839,CareGroup,PPO
840,LifeNetwork,Medicare
841,SecureSystems,Medicare
842,TrustSolutions,PPO
843,SecurePartners,Medicare
844,PrimeSystems,PPO
845,CareCorp,Medicare
846,WellPartners,PPO
847,PrimeInc,Medicare
848,LifeCorp,PPO
849,PrimeInc,PPO
850,HealthSystems,Medicare
851,LifeSystems,Medicaid
852,HealthGroup,Medicaid
853,CarePartners,PPO
854,PrimeNetwork,PPO
855,WellInc,Medicare
856,LifeInc,PPO
857,TrustGroup,PPO
858,UnitedSolutions,Medicare
859,WellSolutions,Medicare
860,SecureSystems,Medicare
861,MedNetwork,Medicare
862,SecurePartners,Medicaid
863,TrustInc,PPO
864,UnitedPartners,Medicare
865,LifeNetwork,Medicaid
866,HealthPartners,PPO
867,CarePartners,PPO
868,CareSystems,PPO
869,MedSolutions,Medicare
870,MedSolutions,PPO
871,SecureCorp,Medicare
872,WellInc,Medicare
873,LifeSolutions,Medicaid
874,LifePartners,PPO
875,HealthCorp,PPO
876,TrustPartners,Medicare
877,LifePartners,Medicare
878,CareSystems,Medicare
879,WellSolutions,PPO
880,UnitedNetwork,Medicare
881,TrustPartners,PPO
882,TrustGroup,PPO
883,UnitedSolutions,Medicare
884,WellGroup,Medicare
885,PrimeGroup,Medicaid
886,TrustSolutions,PPO
887,MedInc,PPO
888,SecureGroup,Medicaid
889,WellGroup,Medicaid
890,SecureCorp,PPO
891,SecureSolutions,Medicare
892,PrimeNetwork,Medicaid
893,TrustNetwork,Medicaid
894,SecureNetwork,PPO
895,MedSystems,Medicaid
896,WellNetwork,PPO
897,MedSystems,PPO
898,PrimePartners,PPO
899,LifeGroup,Medicaid
900,MedPartners,Medicare
901,CareInc,Medicaid
902,SecureGroup,PPO
903,LifeNetwork,PPO
904,LifePartners,Medicaid
905,UnitedSystems,Medicare
906,MedSolutions,Medicaid
907,UnitedGroup,Medicaid
908,LifePartners,PPO
909,LifeInc,Medicaid
910,SecureNetwork,Medicare
911,LifeInc,Medicare
912,SecureCorp,Medicaid
913,HealthInc,Medicaid
914,MedCorp,Medicare
915,PrimeGroup,Medicare
916,LifeSystems,PPO
917,TrustPartners,Medicare
918,MedPartners,Medicare
919,TrustInc,PPO
920,PrimeGroup,Medicare
921,UnitedGroup,Medicaid
922,PrimePartners,Medicare
923,PrimeCorp,PPO
924,TrustPartners,PPO
925,TrustPartners,PPO
926,SecureCorp,Medicaid
927,PrimeGroup,Medicare
928,CareCorp,Medicaid
929,HealthInc,Medicare
930,MedSystems,Medicaid
931,LifeGroup,Medicare
932,WellSolutions,Medicaid
933,WellCorp,Medicare
934,UnitedSolutions,Medicare
935,TrustGroup,Medicaid
936,UnitedInc,Medicaid
937,PrimeSystems,Medicaid
938,TrustNetwork,Medicare
939,SecureSystems,Medicare
940,WellGroup,Medicaid
941,MedNetwork,PPO
942,CareSolutions,PPO
943,WellCorp,PPO
944,WellPartners,Medicare
945,PrimePartners,PPO
946,CarePartners,Medicare
947,SecurePartners,PPO
948,SecureInc,Medicare
949,WellSolutions,PPO
950,UnitedNetwork,Medicaid
951,SecureSystems,PPO
952,SecureSystems,Medicaid
953,LifeNetwork,Medicaid
954,CareNetwork,PPO
955,CarePartners,PPO
956,CareCorp,Medicaid
957,UnitedSystems,Medicare
958,UnitedSystems,Medicare
959,SecureNetwork,Medicare
960,PrimeNetwork,PPO
961,HealthPartners,PPO
962,CareSystems,Medicare
963,PrimePartners,Medicare
964,UnitedCorp,PPO
965,WellGroup,PPO
966,UnitedSystems,Medicare
967,HealthPartners,Medicare
968,TrustNetwork,PPO
969,LifeInc,PPO
970,MedGroup,PPO
971,UnitedCorp,PPO
972,MedSolutions,PPO
973,CareGroup,Medicare
974,PrimeInc,Medicare
975,LifeInc,Medicare
976,CareSolutions,PPO
977,HealthGroup,Medicare
978,CareGroup,Medicaid
979,PrimeCorp,PPO
980,HealthCorp,PPO
981,MedGroup,Medicare
982,HealthPartners,PPO
983,UnitedCorp,PPO
984,SecureSystems,Medicaid
985,TrustCorp,PPO
986,SecureCorp,PPO
987,TrustGroup,PPO
988,PrimePartners,PPO
989,UnitedInc,Medicaid
990,PrimeNetwork,Medicare
991,HealthInc,PPO
992,WellSolutions,Medicare
993,WellInc,PPO
994,SecurePartners,Medicare
995,CareSystems,PPO
996,SecureSystems,PPO
997,HealthInc,Medicare
998,HealthInc,Medicare
999,HealthGroup,PPO
1000,TrustInc,PPO
1001,HealthCorp,Medicare
1002,PrimeInc,Medicare
1003,SecureNetwork,Medicare
1004,WellInc,Medicaid
1005,CareCorp,Medicaid
1006,WellSystems,PPO
1007,TrustPartners,Medicaid
1008,UnitedPartners,Medicare
1009,CareGroup,Medicaid
1010,HealthPartners,PPO
1011,HealthNetwork,PPO
1012,CareCorp,Medicaid
1013,HealthCorp,Medicare
1014,PrimeCorp,Medicaid
1015,UnitedInc,PPO
1016,LifeNetwork,Medicare
1017,CareSystems,PPO
1018,UnitedSolutions,PPO
1019,SecureCorp,Medicare
1020,MedSystems,PPO
1021,WellPartners,Medicare
1022,WellInc,PPO
1023,TrustNetwork,PPO
1024,UnitedInc,Medicare
1025,TrustCorp,PPO
1026,TrustSystems,PPO
1027,LifeGroup,PPO
1028,SecureCorp,Medicare
1029,CareSolutions,Medicare
1030,WellPartners,Medicare
1031,UnitedSystems,PPO
1032,MedSystems,PPO
1033,TrustSystems,Medicare
1034,MedSolutions,Medicare
1035,CareSystems,PPO
1036,CareSolutions,Medicare
1037,TrustInc,Medicare
1038,UnitedCorp,Medicare
1039,HealthCorp,Medicare
1040,UnitedPartners,PPO
1041,UnitedSolutions,PPO
1042,SecureSolutions,Medicare
1043,LifeInc,PPO
1044,TrustNetwork,Medicaid
1045,HealthSystems,PPO
1046,TrustGroup,Medicare
1047,TrustNetwork,Medicaid
1048,TrustSolutions,Medicaid
1049,MedNetwork,PPO
1050,LifeGroup,PPO
1051,MedNetwork,PPO
1052,CareGroup,PPO
1053,SecureNetwork,Medicaid
1054,PrimeInc,PPO
1055,CareNetwork,PPO
1056,UnitedSolutions,Medicare
1057,PrimeGroup,PPO
1058,PrimeSystems,Medicare
1059,LifePartners,PPO
1060,HealthNetwork,Medicare
1061,LifeCorp,Medicare
1062,PrimeCorp,Medicare
1063,PrimeCorp,PPO
1064,HealthSystems,PPO
1065,CareCorp,PPO
1066,UnitedSystems,PPO
1067,LifeNetwork,PPO
1068,WellInc,PPO
1069,LifePartners,PPO
1070,CareSolutions,Medicaid
1071,LifeGroup,Medicare
1072,WellNetwork,Medicaid
1073,UnitedGroup,Medicaid
1074,WellGroup,Medicare
1075,UnitedSolutions,PPO
1076,HealthInc,Medicaid
1077,UnitedSystems,Medicare
1078,MedInc,Medicare
1079,UnitedGroup,Medicaid
1080,WellGroup,PPO
1081,SecureGroup,PPO
1082,PrimeInc,Medicare
1083,CareSolutions,PPO
1084,UnitedSolutions,Medicaid
1085,HealthGroup,PPO
1086,LifePartners,Medicare
1087,TrustCorp,Medicare
1088,MedNetwork,Medicare
1089,PrimePartners,PPO
1090,PrimeSystems,Medicare
1091,CareGroup,PPO
1092,WellCorp,PPO
1093,HealthCorp,PPO
1094,LifeGroup,Medicaid
1095,PrimeGroup,PPO
1096,CareGroup,PPO
1097,CareInc,Medicare
1098,SecureSystems,Medicare
1099,MedInc,PPO
1100,LifeSolutions,Medicaid
1101,LifeCorp,Medicare
1102,HealthGroup,Medicare
1103,SecureSystems,PPO
1104,LifePartners,Medicaid
1105,MedNetwork,Medicaid
1106,UnitedCorp,Medicaid
1107,SecureSystems,Medicare
1108,UnitedGroup,Medicaid
1109,CareCorp,PPO
1110,SecureInc,Medicaid
1111,WellSolutions,Medicaid
1112,SecureGroup,Medicaid
1113,UnitedCorp,PPO
1114,UnitedSolutions,PPO
1115,TrustCorp,PPO
1116,WellNetwork,Medicaid
1117,LifeNetwork,Medicaid
1118,MedPartners,Medicare
1119,UnitedGroup,Medicaid
1120,HealthCorp,PPO
1121,PrimeGroup,PPO
1122,LifeGroup,Medicare
1123,UnitedInc,Medicare
1124,HealthPartners,Medicare
1125,MedCorp,Medicare
1126,SecurePartners,PPO
1127,SecureCorp,PPO
1128,SecureSystems,Medicaid
1129,HealthSystems,Medicare
1130,HealthPartners,Medicaid
1131,HealthNetwork,Medicare
1132,LifeInc,PPO
1133,TrustSystems,Medicare
1134,LifeSystems,Medicaid
1135,LifeGroup,PPO
1136,UnitedSolutions,Medicare
1137,CarePartners,Medicaid
1138,CareInc,PPO
1139,HealthPartners,Medicaid
1140,PrimePartners,Medicare
1141,HealthInc,PPO
1142,TrustNetwork,PPO
1143,PrimeInc,Medicaid
1144,CarePartners,Medicare
1145,WellNetwork,PPO
1146,UnitedPartners,Medicare
1147,WellGroup,PPO
1148,MedNetwork,Medicare
1149,MedGroup,Medicaid
1150,HealthInc,Medicare
1151,CareInc,PPO
1152,WellSolutions,Medicare
1153,SecureInc,Medicare
1154,SecureSystems,Medicaid
1155,WellCorp,Medicare
1156,TrustInc,Medicare
1157,PrimeNetwork,Medicaid
1158,PrimeSolutions,Medicare
1159,WellNetwork,PPO
1160,LifeGroup,Medicare
1161,WellNetwork,Medicaid
1162,TrustSolutions,Medicaid
1163,PrimePartners,PPO
1164,WellInc,PPO
1165,UnitedCorp,Medicaid
1166,PrimePartners,PPO
1167,LifeSystems,PPO
1168,UnitedGroup,Medicare
1169,UnitedSystems,Medicaid
1170,SecureSolutions,PPO
1171,PrimeSolutions,Medicaid
1172,WellGroup,Medicare
1173,WellSystems,PPO
1174,HealthSolutions,Medicare
1175,MedInc,Medicaid
1176,HealthPartners,Medicare
1177,CareGroup,Medicaid
1178,WellSystems,PPO
1179,WellPartners,Medicare
1180,HealthCorp,PPO
1181,SecurePartners,Medicare
1182,UnitedInc,PPO
1183,HealthSolutions,Medicare
1184,HealthSystems,PPO
1185,CareCorp,Medicaid
1186,CareSystems,Medicaid
1187,UnitedPartners,Medicare
1188,MedSolutions,Medicaid
1189,WellGroup,Medicare
1190,CareNetwork,Medicare
1191,PrimeSystems,PPO
1192,LifePartners,Medicaid
1193,LifeInc,PPO
1194,LifePartners,Medicaid
1195,TrustSystems,Medicaid
1196,WellSolutions,Medicaid
1197,SecurePartners,PPO
1198,HealthNetwork,Medicare
1199,UnitedCorp,Medicare
1200,LifeInc,PPO
1201,HealthSystems,Medicare
1202,PrimeSystems,Medicare
1203,LifeSolutions,PPO
1204,UnitedCorp,Medicare
1205,CareInc,Medicare
1206,SecureCorp,Medicare
1207,UnitedCorp,PPO
1208,PrimeSolutions,Medicare
1209,PrimeCorp,PPO
1210,MedSolutions,Medicare
1211,CareSystems,PPO
1212,SecureNetwork,PPO
1213,MedInc,Medicare
1214,SecureNetwork,PPO
1215,HealthNetwork,Medicaid
1216,MedCorp,Medicaid
1217,LifeNetwork,Medicaid
1218,LifeInc,Medicaid
1219,UnitedSystems,Medicaid
1220,SecureCorp,Medicare
1221,HealthGroup,Medicaid
1222,WellPartners,Medicare
1223,LifeNetwork,PPO
1224,MedGroup,PPO
1225,TrustInc,Medicare
1226,LifeNetwork,PPO
1227,MedInc,Medicare
1228,CareSolutions,Medicare
1229,SecureGroup,Medicare
1230,TrustSolutions,Medicare
1231,HealthSolutions,PPO
1232,WellPartners,PPO
1233,SecureInc,Medicare
1234,HealthSolutions,Medicaid
1235,UnitedSolutions,PPO
1236,MedInc,PPO
1237,MedNetwork,Medicaid
1238,MedCorp,Medicaid
1239,UnitedSystems,Medicare
1240,HealthInc,Medicare
1241,TrustInc,Medicaid
1242,MedSystems,PPO
1243,MedPartners,Medicaid
1244,PrimePartners,Medicare
1245,TrustCorp,Medicare
1246,CareSolutions,PPO
1247,HealthInc,PPO
1248,SecureCorp,Medicare
1249,SecureSolutions,PPO
1250,HealthInc,PPO
1251,TrustSolutions,PPO
1252,CareNetwork,PPO
1253,MedPartners,Medicare
1254,HealthNetwork,PPO
1255,LifePartners,Medicare
1256,LifeCorp,Medicare
1257,UnitedNetwork,PPO
1258,CareSystems,Medicare
1259,HealthSolutions,PPO
1260,WellCorp,PPO
1261,UnitedInc,Medicaid
1262,SecureNetwork,Medicare
1263,WellInc,Medicaid
1264,SecureNetwork,Medicaid
1265,WellSystems,Medicare
1266,WellNetwork,PPO
1267,PrimeSolutions,PPO
1268,SecureSolutions,PPO
1269,UnitedPartners,Medicare
1270,WellInc,Medicare
1271,WellSystems,Medicaid
1272,CareCorp,PPO
1273,PrimeInc,Medicaid
1274,CareGroup,Medicaid
1275,HealthNetwork,Medicare
1276,MedPartners,Medicare
1277,HealthPartners,Medicaid
1278,WellSystems,Medicare
1279,LifeCorp,Medicaid
1280,MedInc,Medicare
1281,SecureCorp,PPO
1282,SecureSolutions,Medicare
1283,CareSolutions,Medicare
1284,HealthCorp,PPO
1285,MedCorp,PPO
1286,MedSolutions,Medicare
1287,MedPartners,PPO
1288,HealthInc,PPO
1289,MedInc,Medicaid
1290,LifePartners,PPO
1291,UnitedSolutions,PPO
1292,MedGroup,Medicare
1293,PrimeInc,Medicare
1294,CarePartners,PPO
1295,CareCorp,Medicare
1296,UnitedSolutions,PPO
1297,UnitedGroup,PPO
1298,TrustSystems,PPO
1299,PrimeSolutions,Medicare
1300,CareInc,PPO
1301,UnitedInc,Medicare
1302,HealthNetwork,Medicare
1303,HealthInc,PPO
1304,HealthGroup,Medicaid
1305,LifeCorp,PPO
1306,WellInc,Medicare
1307,CarePartners,Medicaid
1308,WellSolutions,PPO
1309,LifeGroup,Medicaid
1310,MedPartners,Medicaid
1311,UnitedCorp,PPO
1312,CareSolutions,PPO
1313,UnitedInc,Medicare
1314,HealthCorp,Medicare
1315,TrustPartners,Medicare
1316,LifeGroup,PPO
1317,CareInc,PPO
1318,SecurePartners,PPO
1319,WellSystems,Medicaid
1320,TrustSystems,Medicaid
1321,UnitedGroup,Medicare
1322,PrimeSystems,Medicaid
1323,UnitedSystems,PPO
1324,TrustSystems,PPO
1325,WellCorp,Medicaid
1326,CareInc,Medicare
1327,HealthPartners,PPO
1328,WellGroup,Medicaid
1329,TrustSystems,PPO
1330,TrustCorp,PPO
1331,PrimeSystems,Medicaid
1332,LifeInc,Medicaid
1333,MedSolutions,Medicaid
1334,TrustInc,Medicare
1335,SecureSolutions,Medicaid
1336,HealthInc,PPO
1337,UnitedPartners,PPO
1338,PrimeSolutions,Medicare
1339,TrustSystems,PPO
1340,HealthInc,PPO
1341,MedSolutions,Medicare
1342,HealthNetwork,Medicare
1343,LifeSystems,Medicaid
1344,WellInc,PPO
1345,MedGroup,PPO
1346,PrimeNetwork,Medicaid
1347,MedSolutions,PPO
1348,LifeSystems,PPO
1349,PrimeSolutions,Medicaid
1350,HealthPartners,PPO
1351,PrimeCorp,PPO
1352,WellSolutions,PPO
1353,UnitedGroup,Medicaid
1354,LifeInc,Medicare
1355,HealthSystems,Medicare
1356,UnitedGroup,Medicare
1357,HealthSolutions,PPO
1358,MedPartners,Medicare
1359,MedSolutions,PPO
1360,WellSystems,Medicaid
1361,LifeInc,PPO
1362,UnitedPartners,Medicaid
1363,HealthSystems,Medicare
1364,TrustPartners,Medicaid
1365,TrustPartners,Medicare
1366,TrustSystems,Medicare
1367,CareCorp,PPO
1368,CareCorp,Medicare
1369,TrustCorp,Medicare
1370,PrimePartners,Medicaid
1371,SecureNetwork,PPO
1372,TrustCorp,Medicaid
1373,SecureSolutions,Medicare
1374,UnitedSystems,PPO
1375,PrimeGroup,PPO
1376,PrimeSystems,Medicare
1377,TrustCorp,Medicaid
1378,UnitedInc,Medicare
1379,MedSystems,Medicare
1380,PrimeSolutions,Medicare
1381,HealthPartners,Medicaid
1382,TrustGroup,Medicare
1383,MedNetwork,PPO
1384,PrimeSystems,PPO
1385,CareNetwork,PPO
1386,LifeInc,Medicaid
1387,LifeSystems,PPO
1388,LifePartners,Medicare
1389,SecureSolutions,PPO
1390,LifeSolutions,Medicare
1391,WellSystems,Medicare
1392,SecureNetwork,Medicare
1393,CarePartners,PPO
1394,MedCorp,PPO
1395,WellSolutions,Medicare
1396,CareSystems,PPO
1397,LifeCorp,Medicare
1398,HealthCorp,Medicaid
1399,HealthNetwork,Medicaid
1400,LifeCorp,Medicare
1401,UnitedSolutions,Medicare
1402,UnitedCorp,Medicare
1403,WellInc,Medicaid
1404,UnitedSystems,Medicare
1405,MedSolutions,Medicare
1406,LifeSolutions,Medicare
1407,TrustNetwork,Medicaid
1408,LifeInc,PPO
1409,LifePartners,Medicare
1410,LifeNetwork,PPO
1411,CareSystems,Medicare
1412,HealthCorp,Medicare
1413,SecureNetwork,PPO
1414,HealthSolutions,Medicare
1415,CareInc,Medicare
1416,SecureGroup,Medicare
1417,LifeCorp,PPO
1418,HealthNetwork,PPO
1419,TrustCorp,Medicare
1420,MedCorp,PPO
1421,HealthGroup,PPO
1422,UnitedPartners,Medicare
1423,MedSystems,Medicare
1424,LifeInc,Medicare
1425,PrimeInc,Medicare
1426,HealthNetwork,PPO
1427,UnitedCorp,PPO
1428,LifePartners,Medicare
1429,TrustCorp,Medicaid
1430,PrimeSystems,PPO
1431,HealthSystems,PPO
1432,LifeGroup,Medicaid
1433,WellNetwork,PPO
1434,TrustGroup,PPO
1435,UnitedSolutions,Medicare
1436,UnitedInc,PPO
1437,LifeCorp,Medicare
1438,SecureGroup,Medicare
1439,UnitedInc,Medicare
1440,LifeInc,PPO
1441,MedGroup,PPO
1442,UnitedSystems,PPO
1443,SecureInc,Medicare
1444,SecureInc,Medicaid
1445,WellPartners,Medicaid
1446,TrustCorp,Medicaid
1447,PrimeNetwork,PPO
1448,WellSolutions,Medicaid
1449,TrustCorp,PPO
1450,SecureSolutions,Medicare
1451,MedSystems,Medicare
1452,PrimeInc,Medicaid
1453,SecureNetwork,Medicaid
1454,TrustCorp,Medicare
1455,HealthCorp,PPO
1456,WellPartners,PPO
1457,PrimeNetwork,PPO
1458,LifeSystems,PPO
1459,SecureCorp,PPO
1460,SecureNetwork,PPO
1461,HealthInc,Medicaid
1462,TrustGroup,PPO
1463,UnitedCorp,Medicaid
1464,CareCorp,PPO
1465,SecureNetwork,Medicaid
1466,CareInc,PPO
1467,MedCorp,Medicaid
1468,CarePartners,PPO
1469,TrustSystems,Medicare
1470,LifeSolutions,Medicare
1471,LifeSystems,Medicare
1472,LifeCorp,PPO
1473,WellSolutions,Medicaid
1474,LifePartners,Medicare
1475,SecurePartners,PPO
1476,LifeNetwork,Medicaid
1477,UnitedCorp,Medicaid
1478,LifeSolutions,Medicaid
1479,SecureSolutions,Medicaid
1480,WellCorp,Medicare
1481,TrustPartners,Medicaid
1482,WellInc,PPO
1483,SecureInc,Medicaid
1484,MedSystems,Medicare
1485,HealthInc,Medicare
1486,CareGroup,Medicare
1487,CareSystems,Medicaid
1488,LifeGroup,PPO
1489,HealthSolutions,Medicaid
1490,CareCorp,Medicare
1491,PrimeCorp,PPO
1492,CareCorp,Medicare
1493,HealthNetwork,PPO
1494,TrustInc,Medicare
1495,WellInc,PPO
1496,MedInc,Medicare
1497,MedCorp,Medicaid
1498,PrimeSystems,PPO
1499,CareSolutions,PPO
1500,HealthCorp,Medicaid
1501,LifeSolutions,Medicare
1502,LifeSystems,Medicare
1503,CareCorp,Medicare
1504,SecureCorp,Medicaid
1505,HealthInc,Medicare
1506,SecureSolutions,Medicare
1507,LifePartners,Medicare
1508,LifeGroup,Medicaid
1509,WellNetwork,PPO
1510,LifePartners,Medicare
1511,MedSystems,Medicare
1512,MedCorp,PPO
1513,WellSystems,Medicare
1514,CareGroup,Medicare
1515,LifeNetwork,PPO
1516,LifeSystems,Medicaid
1517,CareCorp,PPO
1518,TrustPartners,PPO
1519,LifeNetwork,Medicare
1520,TrustInc,Medicaid
1521,TrustGroup,Medicaid
1522,LifeNetwork,PPO
1523,WellCorp,Medicare
1524,PrimeGroup,Medicare
1525,CareInc,PPO
1526,MedCorp,Medicare
1527,LifeCorp,PPO
1528,PrimeSystems,Medicaid
1529,LifeNetwork,Medicare
1530,PrimeSolutions,Medicare
1531,PrimeCorp,PPO
1532,UnitedNetwork,Medicaid
1533,LifeNetwork,Medicaid
1534,CareCorp,Medicare
1535,UnitedNetwork,PPO
1536,LifeSolutions,Medicaid
1537,TrustSystems,Medicare
1538,PrimeSystems,PPO
1539,MedSolutions,PPO
1540,HealthNetwork,Medicaid
1541,LifePartners,Medicare
1542,SecureInc,PPO
1543,PrimeSolutions,PPO
1544,HealthNetwork,PPO
1545,MedInc,PPO
1546,LifeSystems,PPO
1547,PrimeCorp,Medicaid
1548,PrimeSolutions,Medicare
1549,SecureCorp,Medicare
1550,HealthInc,PPO
1551,PrimeSolutions,Medicaid
1552,CareSystems,Medicare
1553,PrimeNetwork,Medicare
1554,CareNetwork,PPO
1555,MedSystems,PPO
1556,HealthNetwork,Medicare
1557,MedNetwork,Medicaid
1558,MedCorp,PPO
1559,SecureNetwork,PPO
1560,HealthSolutions,Medicaid
1561,MedGroup,Medicare
1562,UnitedSolutions,Medicare
1563,PrimeSystems,PPO
1564,LifeGroup,PPO
1565,HealthPartners,Medicare
1566,LifeNetwork,PPO
1567,TrustGroup,Medicare
1568,TrustSystems,PPO
1569,SecureSystems,Medicare
1570,PrimeSystems,Medicare
1571,MedPartners,Medicaid
1572,SecureNetwork,Medicare
1573,HealthSolutions,Medicare
1574,SecurePartners,PPO
1575,WellNetwork,Medicaid
1576,UnitedGroup,Medicare
1577,PrimeSystems,PPO
1578,WellSolutions,PPO
1579,LifePartners,Medicare
1580,WellCorp,Medicare
1581,PrimeInc,PPO
1582,WellSystems,Medicaid
1583,UnitedCorp,Medicaid
1584,LifePartners,Medicare
1585,WellPartners,Medicaid
1586,PrimeSolutions,Medicare
1587,WellSolutions,Medicare
1588,MedSolutions,Medicaid
1589,HealthNetwork,Medicare
1590,SecureSystems,Medicare
1591,PrimeSystems,Medicaid
1592,WellPartners,PPO
1593,PrimePartners,Medicare
1594,WellSystems,Medicaid
1595,TrustGroup,PPO
1596,PrimeGroup,PPO
1597,MedInc,Medicare
1598,SecureSolutions,Medicaid
1599,WellCorp,Medicare
1600,MedSolutions,Medicaid
1601,PrimeCorp,PPO
1602,MedSolutions,PPO
1603,MedGroup,PPO
1604,WellNetwork,Medicare
1605,PrimePartners,PPO
1606,CareNetwork,PPO
1607,CareCorp,Medicare
1608,CarePartners,PPO
1609,TrustInc,Medicaid
1610,WellInc,Medicaid
1611,HealthNetwork,Medicare
1612,MedPartners,Medicare
1613,MedCorp,PPO
1614,PrimeSolutions,Medicare
1615,HealthGroup,Medicare
1616,LifeInc,PPO
1617,WellGroup,PPO
1618,TrustNetwork,Medicaid
1619,LifeSolutions,Medicaid
1620,LifeNetwork,PPO
1621,LifeGroup,PPO
1622,SecureCorp,PPO
1623,WellNetwork,PPO
1624,CareSolutions,PPO
1625,SecureGroup,PPO
1626,UnitedSolutions,Medicaid
1627,MedNetwork,Medicaid
1628,PrimeGroup,Medicare
1629,CarePartners,Medicare
1630,SecureGroup,PPO
1631,CareCorp,PPO
1632,TrustCorp,Medicare
1633,HealthPartners,Medicare
1634,TrustGroup,Medicare
1635,UnitedCorp,PPO
1636,HealthSolutions,Medicare
1637,TrustPartners,Medicaid
1638,MedNetwork,PPO
1639,LifeCorp,Medicare
1640,WellGroup,PPO
1641,MedPartners,Medicare
1642,HealthCorp,PPO
1643,UnitedCorp,PPO
1644,CarePartners,Medicare
1645,MedCorp,Medicare
1646,WellInc,Medicare
1647,SecureInc,Medicare
1648,HealthGroup,PPO
1649,HealthGroup,PPO
1650,CareCorp,Medicaid
1651,HealthPartners,PPO
1652,MedGroup,PPO
1653,TrustPartners,Medicare
1654,CareCorp,Medicare
1655,UnitedSolutions,Medicare
1656,PrimeInc,Medicare
1657,LifeCorp,Medicaid
1658,MedNetwork,PPO
1659,MedSystems,Medicare
1660,WellSystems,Medicare
1661,PrimeSystems,PPO
1662,CareCorp,Medicaid
1663,SecureInc,PPO
1664,CareGroup,PPO
1665,WellPartners,PPO
1666,UnitedGroup,Medicare
1667,LifeInc,PPO
1668,SecureSystems,PPO
1669,CareInc,Medicare
1670,SecureSystems,Medicare
1671,CareSolutions,PPO
1672,CareSystems,Medicare
1673,TrustPartners,Medicaid
1674,UnitedSolutions,Medicare
1675,SecureSystems,PPO
1676,SecurePartners,Medicare
1677,UnitedCorp,Medicare
1678,CareNetwork,Medicare
1679,SecureInc,Medicaid
1680,LifeInc,Medicare
1681,MedGroup,Medicaid
1682,PrimeSolutions,PPO
1683,WellSolutions,PPO
1684,MedGroup,Medicaid
1685,TrustInc,Medicare
1686,UnitedPartners,Medicare
1687,CareSystems,PPO
1688,WellNetwork,PPO
1689,WellCorp,PPO
1690,UnitedCorp,PPO
1691,WellPartners,PPO
1692,TrustNetwork,PPO
1693,PrimeCorp,Medicare
1694,WellPartners,Medicaid
1695,SecureNetwork,PPO
1696,PrimeNetwork,PPO
1697,SecureInc,Medicare
1698,MedSolutions,PPO
1699,TrustGroup,Medicare
1700,CareSystems,PPO
1701,TrustGroup,Medicare
1702,PrimeSystems,Medicare
1703,SecureSolutions,Medicare
1704,WellCorp,PPO
1705,UnitedInc,PPO
1706,HealthPartners,Medicare
1707,TrustSolutions,Medicare
1708,MedNetwork,PPO
1709,WellCorp,Medicaid
1710,UnitedGroup,Medicaid
1711,UnitedInc,Medicare
1712,WellCorp,PPO
1713,CareCorp,Medicare
1714,PrimeCorp,Medicaid
1715,UnitedSystems,Medicare
1716,WellGroup,Medicare
1717,PrimeInc,PPO
1718,MedInc,Medicaid
1719,MedGroup,Medicare
1720,WellSolutions,PPO
1721,PrimeSolutions,PPO
1722,LifeNetwork,Medicare
1723,UnitedSolutions,PPO
1724,HealthNetwork,Medicaid
1725,UnitedCorp,Medicaid
1726,MedSolutions,Medicare
1727,PrimeSolutions,Medicaid
1728,HealthNetwork,Medicare
1729,UnitedCorp,Medicaid
1730,PrimeSystems,PPO
1731,CareNetwork,Medicare
1732,UnitedPartners,Medicaid
1733,WellInc,Medicaid
1734,TrustSystems,Medicaid
1735,PrimeInc,Medicare
1736,WellSystems,PPO
1737,TrustGroup,Medicare
1738,CareSolutions,PPO
1739,PrimeCorp,PPO
1740,TrustCorp,Medicare
1741,PrimeSolutions,PPO
1742,PrimePartners,Medicare
1743,TrustNetwork,PPO
1744,MedGroup,Medicare
1745,UnitedPartners,Medicare
1746,WellCorp,PPO
1747,UnitedGroup,Medicare
1748,MedGroup,Medicaid
1749,HealthPartners,PPO
1750,TrustPartners,Medicare
1751,CareInc,Medicaid
1752,WellNetwork,PPO
1753,PrimeInc,Medicaid
1754,WellSystems,Medicaid
1755,TrustCorp,PPO
1756,SecureSolutions,PPO
1757,WellSolutions,Medicare
1758,WellPartners,Medicare
1759,PrimeGroup,Medicare
1760,PrimeSolutions,Medicaid
1761,SecureNetwork,Medicaid
1762,TrustInc,Medicaid
1763,PrimeSolutions,PPO
1764,TrustPartners,PPO
1765,UnitedNetwork,PPO
1766,UnitedSystems,Medicare
1767,MedCorp,PPO
1768,UnitedInc,PPO
1769,LifeSolutions,PPO
1770,WellNetwork,PPO
1771,MedInc,Medicare
1772,MedGroup,Medicare
1773,MedNetwork,PPO
1774,PrimePartners,PPO
1775,MedSolutions,Medicare
1776,WellNetwork,PPO
1777,HealthPartners,Medicare
1778,PrimeSolutions,Medicare
1779,WellCorp,Medicare
1780,SecureSystems,PPO
1781,SecureSystems,PPO
1782,WellCorp,PPO
1783,UnitedInc,Medicare
1784,WellSolutions,PPO
1785,LifeNetwork,Medicaid
1786,WellInc,PPO
1787,PrimeInc,PPO
1788,MedNetwork,PPO
1789,SecurePartners,PPO
1790,PrimePartners,Medicaid
1791,MedCorp,PPO
1792,MedGroup,PPO
1793,WellGroup,PPO
1794,LifeInc,Medicaid
1795,LifeNetwork,Medicaid
1796,MedGroup,Medicaid
1797,UnitedCorp,PPO
1798,HealthSolutions,Medicare
1799,PrimeCorp,Medicaid
1800,PrimeSystems,Medicare
1801,HealthSystems,PPO
1802,LifeNetwork,Medicaid
1803,HealthInc,Medicare
1804,LifeNetwork,PPO
1805,MedGroup,Medicare
1806,HealthNetwork,Medicare
1807,MedGroup,Medicare
1808,CareSystems,PPO
1809,UnitedInc,PPO
1810,MedSystems,PPO
1811,SecureSystems,Medicare
1812,TrustSolutions,PPO
1813,HealthPartners,Medicare
1814,MedInc,PPO
1815,CarePartners,Medicare
1816,HealthInc,PPO
1817,TrustGroup,PPO
1818,WellSystems,Medicare
1819,HealthSolutions,Medicare
1820,LifeGroup,Medicaid
1821,TrustSolutions,Medicaid
1822,UnitedGroup,PPO
1823,CareCorp,PPO
1824,UnitedPartners,PPO
1825,SecureSolutions,Medicare
1826,HealthNetwork,Medicare
1827,TrustInc,Medicare
1828,LifeInc,PPO
1829,MedInc,Medicare
1830,MedCorp,PPO
1831,PrimePartners,Medicare
1832,WellGroup,PPO
1833,PrimeGroup,Medicaid
1834,PrimeSystems,Medicaid
1835,MedPartners,Medicaid
1836,PrimeSystems,PPO
1837,WellSolutions,Medicare
1838,CareInc,PPO
1839,TrustPartners,Medicaid
1840,LifeSolutions,Medicaid
1841,WellNetwork,Medicare
1842,MedGroup,PPO
1843,SecureSystems,Medicare
1844,UnitedSystems,Medicare
1845,LifeSolutions,PPO
1846,PrimeGroup,Medicare
1847,SecureGroup,Medicaid
1848,SecureSolutions,Medicaid
1849,TrustNetwork,Medicaid
1850,MedSystems,PPO
1851,TrustCorp,PPO
1852,MedSolutions,Medicare
1853,CarePartners,Medicaid
1854,UnitedSolutions,PPO
1855,UnitedPartners,PPO
1856,TrustNetwork,PPO
1857,TrustSolutions,Medicare
1858,UnitedGroup,Medicare
1859,UnitedInc,Medicare
1860,LifePartners,PPO
1861,UnitedGroup,Medicare
1862,CareInc,Medicare
1863,UnitedCorp,Medicare
1864,WellCorp,Medicare
1865,LifeGroup,Medicare
1866,PrimeGroup,Medicare
1867,UnitedSolutions,Medicare
1868,SecurePartners,PPO
1869,CareGroup,Medicare
1870,LifeNetwork,Medicare
1871,LifePartners,Medicare
1872,HealthSystems,Medicare
1873,MedSystems,Medicare
1874,SecureSystems,Medicare
1875,HealthGroup,Medicaid
1876,LifePartners,Medicare
1877,UnitedSystems,PPO
1878,MedSystems,PPO
1879,PrimePartners,Medicare
1880,UnitedNetwork,Medicare
1881,HealthSystems,Medicaid
1882,MedNetwork,Medicare
1883,SecureSystems,PPO
1884,HealthPartners,Medicare
1885,PrimeCorp,PPO
1886,MedSystems,Medicare
1887,SecurePartners,PPO
1888,UnitedGroup,PPO
1889,MedInc,Medicare
1890,LifeSystems,Medicare
1891,UnitedInc,Medicaid
1892,MedSolutions,PPO
1893,CareCorp,Medicaid
1894,TrustSolutions,PPO
1895,WellNetwork,PPO
1896,CareInc,Medicare
1897,HealthInc,Medicare
1898,CareNetwork,Medicare
1899,LifeGroup,Medicaid
1900,PrimeCorp,PPO
1901,SecureGroup,PPO
1902,PrimeInc,Medicare
1903,UnitedSystems,PPO
1904,WellSystems,Medicare
1905,TrustGroup,PPO
1906,UnitedSystems,Medicaid
1907,HealthSolutions,Medicare
1908,SecureSolutions,PPO
1909,UnitedCorp,Medicaid
1910,SecureSolutions,PPO
1911,MedCorp,Medicare
1912,PrimeInc,PPO
1913,UnitedPartners,PPO
1914,WellCorp,Medicaid
1915,HealthGroup,PPO
1916,LifeGroup,PPO
1917,HealthSolutions,PPO
1918,MedInc,Medicare
1919,LifeGroup,Medicare
1920,SecureNetwork,PPO
1921,CareSystems,Medicare
1922,SecureGroup,PPO
1923,SecureCorp,PPO
1924,SecureSolutions,Medicaid
1925,LifeInc,Medicare
1926,SecurePartners,Medicare
1927,TrustCorp,Medicaid
1928,MedInc,Medicare
1929,TrustSolutions,Medicare
1930,SecureInc,Medicare
1931,MedCorp,Medicare
1932,HealthSystems,Medicaid
1933,WellGroup,PPO
1934,TrustNetwork,Medicare
1935,PrimeNetwork,Medicare
1936,TrustNetwork,PPO
1937,UnitedPartners,PPO
1938,WellCorp,Medicare
1939,CareSolutions,Medicare
1940,LifeInc,Medicare
1941,CareSystems,Medicaid
1942,LifeNetwork,Medicare
1943,UnitedInc,Medicaid
1944,HealthCorp,Medicare
1945,UnitedGroup,Medicaid
1946,HealthCorp,Medicare
1947,CareInc,Medicaid
1948,WellGroup,PPO
1949,HealthPartners,PPO
1950,PrimeSolutions,Medicare
1951,PrimeNetwork,Medicare
1952,SecurePartners,Medicaid
1953,HealthPartners,Medicare
1954,SecureGroup,Medicaid
1955,PrimePartners,Medicare
1956,LifeNetwork,Medicare
1957,SecureGroup,PPO
1958,UnitedPartners,PPO
1959,SecureInc,Medicaid
1960,MedPartners,Medicare
1961,LifeInc,Medicaid
1962,CareInc,Medicare
1963,LifeSolutions,PPO
1964,MedNetwork,Medicaid
1965,MedSolutions,PPO
1966,WellSystems,Medicaid
1967,CareCorp,Medicare
1968,LifePartners,PPO
1969,TrustGroup,Medicaid
1970,LifeNetwork,PPO
1971,SecureCorp,Medicare
1972,HealthNetwork,Medicaid
1973,HealthCorp,PPO
1974,UnitedSolutions,PPO
1975,WellPartners,PPO
1976,MedNetwork,Medicaid
1977,WellSolutions,Medicaid
1978,LifeNetwork,Medicare
1979,PrimePartners,Medicare
1980,SecureSolutions,Medicare
1981,HealthSystems,PPO
1982,PrimeSystems,Medicare
1983,SecureCorp,Medicaid
1984,LifeGroup,Medicare
1985,WellPartners,Medicare
1986,MedSolutions,PPO
1987,LifePartners,Medicare
1988,UnitedPartners,Medicare
1989,TrustNetwork,Medicaid
1990,LifeCorp,Medicare
1991,UnitedCorp,Medicare
1992,TrustPartners,Medicare
1993,WellInc,Medicare
1994,SecureSolutions,Medicare
1995,TrustSystems,Medicare
1996,HealthSolutions,Medicare
1997,HealthPartners,Medicare
1998,HealthPartners,Medicaid
1999,LifeSystems,PPO
2000,PrimeSolutions,PPO
1989,TrustNetwork,Medicaid
2001,LifeSystems,PPO
2002,Yani's,EPF
2003,Healthy Business,PPF
