provider_id,provider_name,specialty,state
1,Jennifer Brown,Cardiology,PA
2,Patricia Williams,Radiology,FL
3,Joseph Garcia,Orthopedics,PA
4,Linda Garcia,Radiology,CA
5,Richard Johnson,Orthopedics,FL
6,Mary Garcia,Cardiology,PA
7,Linda Garcia,Cardiology,NY
8,James Garcia,Cardiology,NY
9,Charles Jones,Cardiology,OH
10,John Smith,Cardiology,NY
11,William Martinez,Cardiology,PA
12,Thomas Williams,Cardiology,FL
13,Elizabeth Martinez,Cardiology,PA
14,Jennifer Williams,Dermatology,IL
15,Linda Martinez,Cardiology,CA
16,Michael Martinez,Cardiology,TX
17,Charles Smith,Cardiology,TX
18,Patricia Davis,Dermatology,FL
19,James Brown,Dermatology,NY
20,Patricia Davis,Dermatology,FL
21,Linda Martinez,Cardiology,GA
22,Charles Miller,Dermatology,OH
23,David Davis,Orthopedics,NY
24,James Jones,Radiology,GA
25,Michael Miller,Cardiology,MI
26,Richard Rodriguez,Dermatology,OH
27,John Brown,Cardiology,IL
28,Michael Davis,Dermatology,FL
29,Mary Smith,Orthopedics,NC
30,Thomas Smith,Radiology,TX
31,James Garcia,Dermatology,TX
32,Robert Davis,Radiology,OH
33,Michael Garcia,Cardiology,IL
34,John Smith,Dermatology,NC
35,William Jones,Cardiology,NC
36,Thomas Smith,Cardiology,MI
37,Mary Williams,Radiology,MI
38,Mary Miller,Orthopedics,GA
39,Richard Johnson,Radiology,NC
40,Michael Rodriguez,Cardiology,TX
41,James Martinez,Radiology,FL
42,James Jones,Dermatology,IL
43,William Miller,Cardiology,GA
44,David Jones,Orthopedics,MI
45,Thomas Miller,Cardiology,TX
46,Charles Davis,Dermatology,FL
47,Linda Johnson,Radiology,IL
48,Jennifer Williams,Dermatology,GA
49,Elizabeth Rodriguez,Cardiology,OH
50,Mary Brown,Cardiology,PA
51,David Johnson,Cardiology,NY
52,Thomas Miller,Cardiology,OH
53,Mary Brown,Cardiology,IL
54,John Rodriguez,Cardiology,FL
55,William Johnson,Cardiology,NY
56,Joseph Johnson,Radiology,CA
57,Richard Davis,Cardiology,IL
58,Linda Johnson,Orthopedics,OH
59,John Garcia,Radiology,MI
60,Richard Miller,Dermatology,OH
61,Joseph Martinez,Cardiology,FL
62,David Brown,Cardiology,MI
63,Thomas Garcia,Orthopedics,FL
64,William Williams,Cardiology,OH
65,James Jones,Cardiology,OH
66,Joseph Johnson,Cardiology,NC
67,Thomas Martinez,Dermatology,NC
68,Mary Rodriguez,Cardiology,IL
69,Mary Johnson,Dermatology,NC
70,Robert Martinez,Cardiology,TX
71,Mary Garcia,Cardiology,TX
72,David Rodriguez,Dermatology,OH
73,Elizabeth Brown,Cardiology,NY
74,Michael Rodriguez,Cardiology,TX
75,Michael Miller,Orthopedics,NC
76,Mary Davis,Cardiology,MI
77,Jennifer Martinez,Orthopedics,NY
78,Richard Smith,Cardiology,MI
79,James Jones,Dermatology,PA
80,Mary Miller,Radiology,NY
81,David Smith,Cardiology,TX
82,William Garcia,Radiology,MI
83,Robert Brown,Radiology,IL
84,Elizabeth Martinez,Orthopedics,OH
85,David Garcia,Cardiology,FL
86,Charles Jones,Orthopedics,OH
87,Jennifer Rodriguez,Cardiology,IL
88,Mary Rodriguez,Orthopedics,FL
89,Richard Smith,Cardiology,GA
90,Mary Johnson,Dermatology,OH
91,Elizabeth Jones,Cardiology,PA
92,Joseph Davis,Cardiology,MI
93,Charles Jones,Orthopedics,FL
94,Charles Davis,Dermatology,FL
95,David Williams,Radiology,NY
96,Elizabeth Martinez,Dermatology,PA
97,Linda Miller,Radiology,OH
98,Richard Williams,Orthopedics,MI
99,William Smith,Dermatology,NC
100,John Jones,Dermatology,MI
101,David Williams,Cardiology,CA
102,Richard Johnson,Radiology,PA
103,Michael Garcia,Cardiology,IL
104,Patricia Williams,Dermatology,NY
105,Elizabeth Martinez,Cardiology,NC
106,Mary Jones,Radiology,IL
107,William Brown,Dermatology,GA
108,Charles Rodriguez,Cardiology,OH
109,Robert Davis,Orthopedics,FL
110,Charles Miller,Cardiology,OH
111,Elizabeth Williams,Orthopedics,MI
112,Jennifer Jones,Orthopedics,NC
113,Elizabeth Davis,Dermatology,NY
114,Charles Smith,Orthopedics,IL
115,John Rodriguez,Radiology,MI
116,David Jones,Cardiology,TX
117,Mary Smith,Cardiology,NC
118,Elizabeth Brown,Dermatology,CA
119,Michael Garcia,Radiology,FL
120,Charles Williams,Cardiology,MI
121,Joseph Rodriguez,Dermatology,NC
122,James Jones,Orthopedics,TX
123,Jennifer Davis,Dermatology,GA
124,John Johnson,Cardiology,GA
125,Robert Williams,Radiology,CA
126,Jennifer Davis,Cardiology,GA
127,John Smith,Orthopedics,MI
128,Mary Jones,Dermatology,MI
129,Joseph Jones,Dermatology,NC
130,Jennifer Rodriguez,Cardiology,OH
131,Charles Williams,Cardiology,MI
132,David Miller,Orthopedics,MI
133,Robert Martinez,Radiology,PA
134,Joseph Martinez,Radiology,PA
135,Joseph Rodriguez,Cardiology,IL
136,Michael Davis,Cardiology,MI
137,Robert Martinez,Orthopedics,GA
138,Michael Miller,Cardiology,PA
139,Thomas Garcia,Cardiology,CA
140,Thomas Jones,Orthopedics,IL
141,Michael Rodriguez,Radiology,NY
142,Jennifer Miller,Cardiology,CA
143,James Garcia,Radiology,NY
144,John Brown,Cardiology,FL
145,Jennifer Brown,Cardiology,OH
146,Robert Williams,Dermatology,OH
147,Patricia Brown,Radiology,IL
148,Charles Johnson,Dermatology,PA
149,Patricia Brown,Cardiology,FL
150,John Jones,Cardiology,MI
151,Elizabeth Garcia,Cardiology,MI
152,David Johnson,Radiology,TX
153,Richard Rodriguez,Radiology,FL
154,John Williams,Cardiology,NY
155,Thomas Johnson,Cardiology,FL
156,Elizabeth Jones,Radiology,FL
157,John Davis,Cardiology,NC
158,Linda Brown,Dermatology,IL
159,Linda Martinez,Orthopedics,OH
160,John Martinez,Cardiology,MI
161,John Williams,Radiology,NY
162,Robert Garcia,Radiology,CA
163,Elizabeth Jones,Radiology,NC
164,Thomas Jones,Cardiology,MI
165,Richard Jones,Dermatology,TX
166,Charles Martinez,Cardiology,NY
167,Michael Martinez,Orthopedics,IL
168,William Rodriguez,Orthopedics,NC
169,John Smith,Orthopedics,IL
170,Richard Davis,Dermatology,TX
171,James Rodriguez,Orthopedics,IL
172,James Rodriguez,Orthopedics,MI
173,Thomas Johnson,Dermatology,FL
174,Mary Martinez,Radiology,FL
175,Jennifer Davis,Cardiology,PA
176,Robert Garcia,Cardiology,CA
177,Thomas Rodriguez,Dermatology,GA
178,Thomas Jones,Cardiology,CA
179,Linda Rodriguez,Cardiology,NC
180,Joseph Johnson,Radiology,TX
181,Mary Williams,Dermatology,FL
182,Charles Miller,Orthopedics,MI
183,Elizabeth Miller,Radiology,NC
184,Richard Brown,Cardiology,OH
185,Joseph Brown,Cardiology,CA
186,James Martinez,Orthopedics,TX
187,Mary Garcia,Cardiology,OH
188,Robert Rodriguez,Cardiology,GA
189,Joseph Miller,Cardiology,GA
190,Michael Smith,Radiology,NY
191,Joseph Williams,Cardiology,OH
192,James Garcia,Radiology,OH
193,Richard Johnson,Radiology,GA
194,Richard Smith,Dermatology,NC
195,Thomas Johnson,Cardiology,PA
196,John Miller,Dermatology,NC
197,Linda Brown,Cardiology,MI
198,Robert Smith,Dermatology,NY
199,James Martinez,Cardiology,MI
200,David Rodriguez,Radiology,IL
201,Richard Jones,Orthopedics,NC
202,Richard Jones,Cardiology,CA
203,Richard Jones,Cardiology,MI
204,Elizabeth Jones,Radiology,TX
205,Jennifer Smith,Dermatology,NY
206,Patricia Miller,Cardiology,PA
207,William Johnson,Orthopedics,FL
208,Thomas Rodriguez,Radiology,GA
209,Elizabeth Brown,Dermatology,MI
210,Elizabeth Rodriguez,Cardiology,NC
211,Thomas Williams,Cardiology,NC
212,Michael Miller,Radiology,OH
213,Jennifer Williams,Cardiology,GA
214,William Martinez,Radiology,FL
215,Robert Williams,Orthopedics,GA
216,James Jones,Radiology,IL
217,Jennifer Miller,Cardiology,PA
218,Robert Miller,Cardiology,CA
219,Thomas Davis,Cardiology,OH
220,Robert Martinez,Cardiology,OH
221,Joseph Martinez,Dermatology,OH
222,Jennifer Martinez,Radiology,TX
223,Elizabeth Jones,Cardiology,OH
224,Patricia Davis,Dermatology,PA
225,Linda Brown,Radiology,PA
226,David Johnson,Cardiology,CA
227,Patricia Garcia,Dermatology,TX
228,Patricia Jones,Cardiology,OH
229,William Garcia,Radiology,OH
230,Michael Brown,Cardiology,MI
231,Thomas Miller,Cardiology,NC
232,Joseph Martinez,Orthopedics,NC
233,Michael Garcia,Dermatology,MI
234,David Miller,Dermatology,TX
235,Robert Garcia,Dermatology,PA
236,Charles Miller,Cardiology,MI
237,James Williams,Cardiology,TX
238,Joseph Williams,Cardiology,MI
239,Mary Davis,Cardiology,TX
240,David Jones,Dermatology,IL
241,James Martinez,Dermatology,FL
242,Charles Garcia,Radiology,IL
243,Mary Miller,Dermatology,CA
244,James Brown,Cardiology,IL
245,Patricia Rodriguez,Orthopedics,FL
246,Patricia Martinez,Cardiology,CA
247,Linda Davis,Cardiology,TX
248,William Martinez,Cardiology,TX
249,Patricia Davis,Cardiology,NC
250,Linda Smith,Cardiology,FL
251,Michael Johnson,Cardiology,NY
252,James Williams,Dermatology,GA
253,Michael Brown,Orthopedics,NC
254,Jennifer Brown,Cardiology,MI
255,Thomas Davis,Cardiology,PA
256,Jennifer Miller,Orthopedics,CA
257,Joseph Smith,Orthopedics,OH
258,Thomas Garcia,Orthopedics,OH
259,Richard Rodriguez,Radiology,TX
260,Joseph Brown,Cardiology,PA
261,James Davis,Radiology,NY
262,Patricia Jones,Cardiology,PA
263,James Martinez,Cardiology,NY
264,John Miller,Dermatology,MI
265,Patricia Johnson,Orthopedics,GA
266,Jennifer Rodriguez,Radiology,NC
267,John Miller,Dermatology,CA
268,John Davis,Orthopedics,TX
269,Richard Martinez,Radiology,GA
270,Elizabeth Rodriguez,Cardiology,NY
271,Jennifer Brown,Orthopedics,NY
272,Richard Davis,Radiology,MI
273,Linda Miller,Cardiology,OH
274,Linda Martinez,Radiology,CA
275,Thomas Williams,Radiology,TX
276,Michael Garcia,Cardiology,NC
277,David Rodriguez,Cardiology,CA
278,Charles Jones,Cardiology,CA
279,John Miller,Cardiology,NY
280,Michael Martinez,Orthopedics,OH
281,Thomas Davis,Dermatology,IL
282,Elizabeth Garcia,Cardiology,TX
283,James Jones,Dermatology,MI
284,Michael Davis,Radiology,PA
285,Michael Jones,Orthopedics,IL
286,John Jones,Radiology,PA
287,Patricia Garcia,Cardiology,IL
288,Richard Davis,Orthopedics,GA
289,Mary Martinez,Cardiology,TX
290,John Jones,Cardiology,IL
291,Richard Smith,Cardiology,MI
292,Mary Davis,Dermatology,MI
293,Joseph Johnson,Radiology,OH
294,Patricia Garcia,Cardiology,NC
295,William Rodriguez,Cardiology,OH
296,Patricia Rodriguez,Cardiology,OH
297,David Brown,Radiology,GA
298,Charles Johnson,Radiology,FL
299,Linda Martinez,Cardiology,FL
300,Patricia Brown,Dermatology,OH
301,Robert Martinez,Dermatology,FL
302,Joseph Johnson,Cardiology,NC
303,Richard Martinez,Cardiology,NC
304,Joseph Garcia,Cardiology,FL
305,Patricia Williams,Cardiology,OH
306,William Martinez,Cardiology,PA
307,Jennifer Jones,Radiology,OH
308,Jennifer Garcia,Cardiology,MI
309,James Rodriguez,Cardiology,NY
310,Mary Garcia,Dermatology,PA
311,Thomas Williams,Cardiology,NY
312,James Jones,Cardiology,CA
313,Patricia Smith,Cardiology,PA
314,Linda Davis,Dermatology,NC
315,Mary Miller,Dermatology,GA
316,James Jones,Cardiology,CA
317,Thomas Garcia,Dermatology,IL
318,Mary Smith,Cardiology,OH
319,Richard Martinez,Dermatology,TX
320,Elizabeth Davis,Radiology,MI
321,Michael Smith,Dermatology,GA
322,James Brown,Cardiology,PA
323,Joseph Miller,Dermatology,MI
324,Elizabeth Rodriguez,Cardiology,OH
325,Charles Smith,Cardiology,OH
326,Elizabeth Rodriguez,Cardiology,NC
327,Elizabeth Jones,Orthopedics,NC
328,Robert Rodriguez,Cardiology,IL
329,William Garcia,Cardiology,IL
330,John Rodriguez,Cardiology,CA
331,John Miller,Cardiology,GA
332,Joseph Johnson,Orthopedics,NC
333,Elizabeth Johnson,Dermatology,MI
334,Robert Brown,Cardiology,IL
335,John Rodriguez,Cardiology,NC
336,Robert Martinez,Cardiology,CA
337,Joseph Brown,Orthopedics,PA
338,Mary Brown,Cardiology,OH
339,Richard Williams,Orthopedics,GA
340,Michael Martinez,Dermatology,PA
341,Patricia Brown,Cardiology,FL
342,Charles Williams,Dermatology,OH
343,Joseph Brown,Cardiology,IL
344,Joseph Williams,Dermatology,MI
345,David Davis,Dermatology,OH
346,Jennifer Smith,Dermatology,OH
347,Patricia Williams,Radiology,GA
348,Charles Garcia,Dermatology,PA
349,Robert Smith,Cardiology,PA
350,Jennifer Miller,Orthopedics,OH
351,David Rodriguez,Cardiology,NY
352,Elizabeth Williams,Cardiology,GA
353,Thomas Martinez,Dermatology,GA
354,John Jones,Radiology,PA
355,Joseph Smith,Cardiology,FL
356,Charles Garcia,Radiology,NC
357,Patricia Garcia,Cardiology,NC
358,Mary Jones,Dermatology,NY
359,Jennifer Smith,Cardiology,IL
360,John Jones,Orthopedics,PA
361,Linda Garcia,Dermatology,IL
362,James Martinez,Radiology,GA
363,Michael Miller,Radiology,GA
364,Jennifer Brown,Cardiology,GA
365,Mary Smith,Orthopedics,IL
366,Patricia Johnson,Dermatology,IL
367,David Brown,Radiology,IL
368,Jennifer Smith,Cardiology,FL
369,Elizabeth Smith,Orthopedics,FL
370,Patricia Davis,Cardiology,FL
371,Richard Davis,Orthopedics,TX
372,Jennifer Miller,Orthopedics,PA
373,Linda Smith,Dermatology,IL
374,David Brown,Orthopedics,IL
375,Charles Brown,Dermatology,MI
376,Joseph Garcia,Dermatology,IL
377,Linda Jones,Cardiology,TX
378,Richard Jones,Orthopedics,PA
379,Jennifer Williams,Cardiology,NY
380,David Jones,Orthopedics,CA
381,Joseph Miller,Dermatology,NC
382,Richard Johnson,Dermatology,FL
383,John Smith,Cardiology,PA
384,Mary Garcia,Radiology,MI
385,William Smith,Dermatology,NY
386,Robert Johnson,Orthopedics,CA
387,Richard Garcia,Cardiology,NY
388,William Brown,Dermatology,FL
389,Robert Brown,Radiology,OH
390,Michael Martinez,Orthopedics,PA
391,Richard Rodriguez,Dermatology,PA
392,Thomas Miller,Orthopedics,NC
393,William Jones,Cardiology,MI
394,John Williams,Orthopedics,FL
395,Michael Johnson,Dermatology,NC
396,William Davis,Orthopedics,GA
397,Joseph Davis,Radiology,NC
398,Richard Miller,Dermatology,GA
399,Thomas Miller,Cardiology,NC
400,William Miller,Dermatology,PA
401,Charles Jones,Radiology,CA
402,Michael Miller,Cardiology,TX
403,Charles Miller,Dermatology,TX
404,James Jones,Dermatology,NY
405,David Davis,Cardiology,OH
406,Jennifer Jones,Dermatology,CA
407,Richard Rodriguez,Radiology,MI
408,David Davis,Cardiology,NY
409,Elizabeth Jones,Orthopedics,NY
410,Mary Martinez,Dermatology,GA
411,William Brown,Radiology,PA
412,Thomas Brown,Cardiology,OH
413,Richard Williams,Cardiology,GA
414,Patricia Brown,Orthopedics,IL
415,Mary Miller,Cardiology,TX
416,Robert Jones,Cardiology,MI
417,William Brown,Orthopedics,NY
418,John Jones,Cardiology,MI
419,Charles Miller,Cardiology,IL
420,Elizabeth Smith,Orthopedics,IL
421,Jennifer Williams,Radiology,TX
422,Jennifer Rodriguez,Radiology,PA
423,Joseph Brown,Dermatology,GA
424,Thomas Miller,Dermatology,NY
425,Thomas Williams,Radiology,FL
426,James Brown,Cardiology,NC
427,Robert Smith,Cardiology,NC
428,Mary Johnson,Cardiology,GA
429,David Johnson,Radiology,PA
430,Jennifer Martinez,Orthopedics,NC
431,John Jones,Cardiology,MI
432,William Williams,Cardiology,NC
433,William Rodriguez,Orthopedics,CA
434,William Jones,Dermatology,FL
435,Joseph Garcia,Orthopedics,OH
436,James Brown,Cardiology,IL
437,Linda Miller,Cardiology,CA
438,James Williams,Cardiology,NC
439,Linda Johnson,Cardiology,CA
440,Joseph Rodriguez,Cardiology,FL
441,Robert Jones,Dermatology,MI
442,David Johnson,Dermatology,IL
443,Patricia Jones,Dermatology,CA
444,Joseph Miller,Dermatology,NY
445,Joseph Brown,Cardiology,NC
446,Linda Smith,Dermatology,TX
447,Robert Brown,Dermatology,TX
448,James Davis,Radiology,IL
449,John Miller,Orthopedics,PA
450,Robert Jones,Cardiology,NC
451,Joseph Rodriguez,Orthopedics,NY
452,Patricia Johnson,Radiology,MI
453,Charles Davis,Orthopedics,NY
454,Mary Davis,Orthopedics,CA
455,Thomas Garcia,Dermatology,GA
456,Thomas Williams,Cardiology,FL
457,Thomas Johnson,Cardiology,MI
458,William Johnson,Dermatology,NC
459,Robert Smith,Dermatology,TX
460,Jennifer Brown,Dermatology,IL
461,William Brown,Cardiology,OH
462,Jennifer Johnson,Orthopedics,PA
463,John Brown,Dermatology,IL
464,Richard Davis,Cardiology,CA
465,John Smith,Dermatology,NC
466,William Smith,Cardiology,IL
467,Mary Johnson,Cardiology,NC
468,Joseph Davis,Cardiology,IL
469,Jennifer Davis,Cardiology,MI
470,Elizabeth Garcia,Cardiology,NC
471,Robert Martinez,Radiology,NY
472,Mary Davis,Radiology,GA
473,Richard Jones,Orthopedics,GA
474,Mary Johnson,Dermatology,GA
475,Linda Garcia,Cardiology,NY
476,Joseph Williams,Cardiology,PA
477,Jennifer Miller,Cardiology,MI
478,Mary Smith,Orthopedics,FL
479,Robert Davis,Radiology,TX
480,Charles Davis,Cardiology,TX
481,Robert Brown,Cardiology,MI
482,Elizabeth Jones,Orthopedics,FL
483,Linda Rodriguez,Cardiology,FL
484,Elizabeth Garcia,Dermatology,TX
485,Jennifer Brown,Radiology,NY
486,Thomas Jones,Dermatology,FL
487,Joseph Williams,Radiology,TX
488,David Brown,Cardiology,TX
489,Charles Davis,Dermatology,NY
490,Robert Williams,Orthopedics,PA
491,Patricia Williams,Cardiology,NY
492,Charles Brown,Radiology,OH
493,Linda Smith,Radiology,NY
494,Linda Rodriguez,Orthopedics,IL
495,John Smith,Cardiology,GA
496,John Rodriguez,Orthopedics,OH
497,Michael Davis,Radiology,IL
498,Elizabeth Rodriguez,Cardiology,GA
499,Patricia Garcia,Radiology,PA
500,Elizabeth Johnson,Cardiology,OH
501,Patricia Williams,Radiology,NY
502,Michael Martinez,Orthopedics,OH
503,Patricia Davis,Dermatology,IL
504,Patricia Miller,Dermatology,NC
505,Mary Davis,Dermatology,CA
506,Joseph Miller,Dermatology,FL
507,Michael Brown,Orthopedics,CA
508,Jennifer Jones,Radiology,PA
509,Robert Brown,Dermatology,IL
510,Patricia Jones,Dermatology,IL
511,Joseph Jones,Cardiology,IL
512,Patricia Williams,Dermatology,IL
513,Patricia Martinez,Dermatology,PA
514,James Smith,Radiology,NC
515,Robert Martinez,Dermatology,GA
516,James Martinez,Orthopedics,IL
517,Michael Brown,Radiology,TX
518,William Martinez,Dermatology,OH
519,William Williams,Radiology,PA
520,Patricia Davis,Cardiology,PA
521,Richard Garcia,Cardiology,NC
522,Linda Garcia,Cardiology,CA
523,Elizabeth Davis,Orthopedics,MI
524,Elizabeth Smith,Cardiology,PA
525,Charles Miller,Cardiology,NY
526,Jennifer Rodriguez,Radiology,GA
527,Charles Martinez,Cardiology,NY
528,John Martinez,Radiology,NC
529,William Davis,Cardiology,NY
530,Richard Williams,Dermatology,PA
531,Robert Brown,Cardiology,IL
532,Robert Jones,Dermatology,FL
533,William Williams,Orthopedics,NY
534,Jennifer Garcia,Cardiology,CA
535,Joseph Smith,Radiology,CA
536,Patricia Garcia,Radiology,NY
537,Linda Garcia,Cardiology,GA
538,Linda Jones,Cardiology,CA
539,Richard Smith,Radiology,PA
540,Elizabeth Johnson,Cardiology,NY
541,Linda Martinez,Cardiology,CA
542,Elizabeth Jones,Dermatology,CA
543,Jennifer Miller,Cardiology,FL
544,Richard Williams,Dermatology,MI
545,Joseph Martinez,Cardiology,PA
546,Robert Smith,Radiology,GA
547,Joseph Garcia,Dermatology,NY
548,Patricia Brown,Cardiology,CA
549,Joseph Martinez,Dermatology,IL
550,William Rodriguez,Orthopedics,TX
551,Joseph Smith,Dermatology,OH
552,Linda Williams,Radiology,CA
553,Joseph Garcia,Dermatology,MI
554,Robert Rodriguez,Cardiology,TX
555,Thomas Smith,Cardiology,GA
556,Patricia Miller,Orthopedics,GA
557,John Martinez,Cardiology,FL
558,Jennifer Martinez,Cardiology,OH
559,Mary Smith,Radiology,TX
560,William Davis,Dermatology,NY
561,Linda Johnson,Radiology,IL
562,Elizabeth Miller,Cardiology,GA
563,John Williams,Radiology,MI
564,William Garcia,Cardiology,FL
565,Jennifer Jones,Orthopedics,NC
566,Robert Brown,Cardiology,GA
567,Charles Garcia,Cardiology,GA
568,John Johnson,Radiology,NY
569,James Davis,Cardiology,IL
570,Michael Johnson,Orthopedics,OH
571,Jennifer Williams,Dermatology,GA
572,Richard Jones,Dermatology,GA
573,William Miller,Orthopedics,TX
574,William Johnson,Cardiology,IL
575,Elizabeth Martinez,Radiology,PA
576,Patricia Garcia,Orthopedics,PA
577,Robert Martinez,Orthopedics,MI
578,Joseph Williams,Cardiology,TX
579,Patricia Davis,Cardiology,TX
580,Mary Johnson,Cardiology,NY
581,David Jones,Cardiology,NC
582,Charles Davis,Orthopedics,MI
583,Mary Garcia,Orthopedics,OH
584,Jennifer Miller,Orthopedics,IL
585,Joseph Johnson,Orthopedics,PA
586,William Davis,Radiology,TX
587,Thomas Martinez,Dermatology,TX
588,Linda Johnson,Dermatology,NY
589,Richard Garcia,Cardiology,FL
590,Robert Garcia,Cardiology,IL
591,William Jones,Dermatology,GA
592,Charles Williams,Cardiology,PA
593,William Jones,Dermatology,GA
594,John Jones,Orthopedics,FL
595,John Miller,Cardiology,GA
596,Jennifer Williams,Cardiology,OH
597,Joseph Martinez,Cardiology,NY
598,Jennifer Garcia,Orthopedics,NC
599,Thomas Johnson,Orthopedics,IL
600,David Williams,Cardiology,NY
601,Jennifer Jones,Radiology,CA
602,Robert Rodriguez,Orthopedics,OH
603,David Miller,Cardiology,OH
604,William Brown,Radiology,MI
605,Jennifer Rodriguez,Orthopedics,NY
606,John Johnson,Cardiology,NY
607,Jennifer Johnson,Orthopedics,NY
608,John Brown,Dermatology,GA
609,Mary Miller,Orthopedics,IL
610,Robert Garcia,Orthopedics,IL
611,Elizabeth Smith,Cardiology,PA
612,Richard Smith,Orthopedics,NC
613,Joseph Garcia,Cardiology,PA
614,Patricia Garcia,Orthopedics,CA
615,John Martinez,Cardiology,GA
616,Patricia Rodriguez,Radiology,IL
617,Richard Williams,Orthopedics,MI
618,Thomas Martinez,Orthopedics,TX
619,Joseph Brown,Dermatology,IL
620,Jennifer Miller,Cardiology,MI
621,Charles Williams,Dermatology,CA
622,Mary Smith,Radiology,TX
623,William Rodriguez,Radiology,FL
624,Richard Miller,Cardiology,IL
625,Linda Williams,Dermatology,TX
626,Thomas Rodriguez,Cardiology,GA
627,John Williams,Orthopedics,PA
628,David Brown,Orthopedics,MI
629,Richard Jones,Orthopedics,TX
630,William Brown,Dermatology,FL
631,Jennifer Jones,Orthopedics,FL
632,Elizabeth Johnson,Cardiology,OH
633,Joseph Martinez,Cardiology,FL
634,David Johnson,Radiology,GA
635,David Garcia,Dermatology,TX
636,Charles Johnson,Cardiology,FL
637,Michael Johnson,Cardiology,MI
638,Jennifer Smith,Dermatology,PA
639,Mary Jones,Cardiology,NY
640,David Rodriguez,Radiology,OH
641,James Martinez,Cardiology,GA
642,Patricia Martinez,Radiology,MI
643,Michael Smith,Radiology,OH
644,James Rodriguez,Cardiology,NY
645,Thomas Miller,Radiology,CA
646,Joseph Williams,Dermatology,IL
647,James Martinez,Cardiology,PA
648,Michael Miller,Radiology,OH
649,Thomas Martinez,Cardiology,MI
650,Michael Williams,Radiology,NY
651,Richard Miller,Orthopedics,CA
652,Thomas Jones,Dermatology,IL
653,James Smith,Cardiology,GA
654,Jennifer Johnson,Dermatology,GA
655,Robert Davis,Orthopedics,GA
656,Elizabeth Jones,Cardiology,FL
657,Patricia Davis,Cardiology,FL
658,Thomas Rodriguez,Radiology,NY
659,Robert Jones,Radiology,CA
660,Thomas Jones,Cardiology,TX
661,Jennifer Johnson,Radiology,FL
662,Thomas Miller,Cardiology,MI
663,Richard Miller,Orthopedics,NY
664,Thomas Johnson,Orthopedics,NY
665,Robert Johnson,Dermatology,PA
666,Michael Garcia,Orthopedics,GA
667,Jennifer Miller,Radiology,OH
668,Charles Davis,Cardiology,IL
669,James Miller,Cardiology,FL
670,Mary Davis,Radiology,FL
671,Charles Garcia,Cardiology,IL
672,Charles Johnson,Orthopedics,FL
673,Patricia Miller,Cardiology,PA
674,William Williams,Orthopedics,NC
675,Richard Jones,Dermatology,IL
676,Linda Brown,Orthopedics,TX
677,Richard Davis,Cardiology,GA
678,Elizabeth Smith,Orthopedics,OH
679,Michael Rodriguez,Orthopedics,NC
680,Patricia Martinez,Orthopedics,MI
681,Joseph Smith,Dermatology,NY
682,Linda Rodriguez,Cardiology,MI
683,Elizabeth Martinez,Radiology,CA
684,Jennifer Miller,Orthopedics,OH
685,Thomas Garcia,Radiology,GA
686,Michael Smith,Orthopedics,NY
687,Charles Williams,Cardiology,IL
688,Mary Rodriguez,Cardiology,PA
689,Linda Smith,Cardiology,IL
690,Thomas Smith,Cardiology,MI
691,David Smith,Cardiology,OH
692,Mary Garcia,Orthopedics,PA
693,Mary Williams,Orthopedics,CA
694,Michael Rodriguez,Dermatology,MI
695,David Garcia,Orthopedics,NY
696,Jennifer Davis,Cardiology,PA
697,Mary Garcia,Cardiology,FL
698,Linda Williams,Cardiology,MI
699,Michael Brown,Orthopedics,OH
700,Robert Brown,Cardiology,TX
701,Michael Brown,Radiology,GA
702,Jennifer Smith,Cardiology,NY
703,William Smith,Radiology,NY
704,James Davis,Cardiology,OH
705,William Smith,Radiology,NY
706,Joseph Davis,Dermatology,NY
707,Mary Rodriguez,Radiology,PA
708,Patricia Johnson,Cardiology,MI
709,Charles Martinez,Cardiology,NC
710,Richard Brown,Cardiology,FL
711,Jennifer Davis,Cardiology,NY
712,Thomas Davis,Cardiology,NC
713,Joseph Smith,Dermatology,NC
714,William Rodriguez,Radiology,IL
715,David Johnson,Dermatology,NC
716,Elizabeth Brown,Dermatology,OH
717,Patricia Miller,Cardiology,IL
718,James Rodriguez,Orthopedics,NY
719,Charles Rodriguez,Cardiology,MI
720,James Johnson,Radiology,PA
721,James Brown,Cardiology,FL
722,Robert Martinez,Cardiology,IL
723,Mary Johnson,Orthopedics,FL
724,William Smith,Orthopedics,CA
725,David Brown,Cardiology,FL
726,William Jones,Dermatology,PA
727,Linda Williams,Cardiology,GA
728,William Jones,Radiology,PA
729,Michael Garcia,Cardiology,IL
730,David Martinez,Dermatology,MI
731,Robert Davis,Radiology,MI
732,David Martinez,Cardiology,FL
733,William Martinez,Orthopedics,GA
734,James Brown,Dermatology,IL
735,William Davis,Radiology,IL
736,Patricia Johnson,Dermatology,TX
737,James Garcia,Cardiology,IL
738,Thomas Rodriguez,Dermatology,OH
739,John Johnson,Radiology,NY
740,Michael Johnson,Cardiology,OH
741,Charles Rodriguez,Cardiology,GA
742,David Williams,Cardiology,IL
743,Joseph Rodriguez,Cardiology,TX
744,Elizabeth Brown,Radiology,TX
745,Charles Garcia,Radiology,NC
746,Patricia Jones,Cardiology,MI
747,Richard Johnson,Radiology,TX
748,Jennifer Garcia,Cardiology,FL
749,Elizabeth Johnson,Dermatology,MI
750,David Johnson,Radiology,IL
751,Jennifer Rodriguez,Cardiology,IL
752,Jennifer Martinez,Cardiology,CA
753,Michael Brown,Cardiology,MI
754,Linda Jones,Dermatology,OH
755,Linda Martinez,Radiology,PA
756,William Miller,Orthopedics,OH
757,David Smith,Dermatology,MI
758,James Miller,Orthopedics,IL
759,James Smith,Dermatology,TX
760,Joseph Smith,Cardiology,PA
761,Richard Rodriguez,Orthopedics,TX
762,Charles Johnson,Cardiology,FL
763,James Davis,Cardiology,MI
764,Charles Williams,Orthopedics,MI
765,Robert Martinez,Cardiology,TX
766,Jennifer Garcia,Dermatology,FL
767,Patricia Miller,Orthopedics,TX
768,Jennifer Williams,Radiology,CA
769,Patricia Rodriguez,Dermatology,FL
770,Patricia Martinez,Dermatology,PA
771,Richard Smith,Dermatology,FL
772,Thomas Miller,Cardiology,IL
773,Robert Williams,Cardiology,GA
774,John Brown,Cardiology,TX
775,John Williams,Radiology,CA
776,David Smith,Dermatology,FL
777,John Williams,Cardiology,FL
778,Joseph Jones,Cardiology,NC
779,David Smith,Cardiology,NC
780,William Williams,Cardiology,IL
781,David Davis,Cardiology,NC
782,Patricia Johnson,Orthopedics,MI
783,Richard Davis,Orthopedics,FL
784,David Smith,Radiology,MI
785,Michael Brown,Orthopedics,NC
786,James Smith,Cardiology,OH
787,Thomas Smith,Radiology,TX
788,Mary Williams,Dermatology,GA
789,Thomas Davis,Orthopedics,OH
790,Michael Rodriguez,Cardiology,TX
791,Patricia Johnson,Radiology,IL
792,Michael Miller,Cardiology,PA
793,Elizabeth Miller,Dermatology,NC
794,Patricia Rodriguez,Cardiology,GA
795,William Williams,Dermatology,PA
796,Linda Williams,Cardiology,IL
797,Charles Jones,Dermatology,IL
798,Robert Williams,Dermatology,FL
799,Joseph Jones,Orthopedics,CA
800,Thomas Martinez,Dermatology,CA
801,Patricia Rodriguez,Dermatology,OH
802,Elizabeth Williams,Dermatology,OH
803,Robert Miller,Dermatology,FL
804,Robert Martinez,Radiology,GA
805,Linda Smith,Cardiology,TX
806,Charles Miller,Radiology,IL
807,Jennifer Davis,Dermatology,GA
808,Joseph Miller,Orthopedics,NC
809,James Garcia,Cardiology,GA
810,Patricia Brown,Cardiology,TX
811,Michael Davis,Cardiology,MI
812,Jennifer Johnson,Cardiology,IL
813,William Smith,Orthopedics,MI
814,Thomas Smith,Radiology,IL
815,Thomas Rodriguez,Cardiology,CA
816,Jennifer Brown,Orthopedics,TX
817,David Martinez,Radiology,FL
818,Richard Garcia,Dermatology,NC
819,David Davis,Cardiology,IL
820,Jennifer Smith,Dermatology,PA
821,Joseph Brown,Dermatology,NC
822,Elizabeth Smith,Radiology,TX
823,Charles Martinez,Dermatology,MI
824,Thomas Brown,Cardiology,PA
825,Jennifer Jones,Dermatology,FL
826,Elizabeth Smith,Orthopedics,CA
827,Michael Martinez,Orthopedics,TX
828,Patricia Jones,Radiology,MI
829,Joseph Garcia,Orthopedics,MI
830,Elizabeth Garcia,Dermatology,OH
831,Richard Smith,Cardiology,IL
832,Joseph Davis,Dermatology,IL
833,David Garcia,Orthopedics,PA
834,Patricia Rodriguez,Dermatology,GA
835,Patricia Miller,Radiology,PA
836,James Miller,Radiology,OH
837,John Johnson,Cardiology,MI
838,Robert Jones,Radiology,NC
839,Thomas Martinez,Cardiology,GA
840,Linda Davis,Orthopedics,MI
841,Richard Rodriguez,Orthopedics,IL
842,James Garcia,Cardiology,NC
843,Thomas Smith,Cardiology,MI
844,Richard Davis,Cardiology,MI
845,Linda Smith,Radiology,TX
846,John Jones,Cardiology,GA
847,Joseph Davis,Orthopedics,PA
848,James Martinez,Radiology,NY
849,Mary Miller,Dermatology,MI
850,David Davis,Dermatology,MI
851,Charles Davis,Dermatology,PA
852,Joseph Garcia,Radiology,TX
853,William Williams,Dermatology,IL
854,Elizabeth Jones,Orthopedics,NY
855,Robert Smith,Cardiology,PA
856,Linda Rodriguez,Orthopedics,GA
857,Charles Miller,Dermatology,FL
858,Robert Johnson,Cardiology,IL
859,William Brown,Orthopedics,CA
860,Joseph Rodriguez,Radiology,PA
861,Mary Brown,Cardiology,CA
862,James Jones,Cardiology,NY
863,Patricia Martinez,Orthopedics,NY
864,Patricia Smith,Dermatology,FL
865,David Jones,Cardiology,NC
866,Richard Miller,Orthopedics,NY
867,James Rodriguez,Orthopedics,IL
868,Jennifer Davis,Cardiology,GA
869,Richard Garcia,Cardiology,TX
870,Patricia Rodriguez,Cardiology,CA
871,Jennifer Williams,Cardiology,PA
872,Michael Garcia,Cardiology,TX
873,Jennifer Johnson,Cardiology,FL
874,John Martinez,Cardiology,FL
875,Richard Miller,Dermatology,MI
876,Richard Johnson,Cardiology,GA
877,Jennifer Martinez,Radiology,GA
878,James Johnson,Cardiology,NY
879,Jennifer Williams,Radiology,PA
880,Jennifer Martinez,Cardiology,NY
881,David Martinez,Cardiology,TX
882,Robert Williams,Radiology,TX
883,Jennifer Martinez,Dermatology,CA
884,Charles Williams,Cardiology,NY
885,William Brown,Orthopedics,NY
886,William Davis,Cardiology,MI
887,Linda Brown,Cardiology,PA
888,Thomas Davis,Dermatology,PA
889,Elizabeth Davis,Orthopedics,PA
890,Jennifer Miller,Cardiology,IL
891,Charles Johnson,Orthopedics,MI
892,David Davis,Cardiology,MI
893,William Miller,Cardiology,IL
894,Elizabeth Johnson,Radiology,FL
895,John Williams,Radiology,MI
896,William Martinez,Radiology,FL
897,Mary Brown,Orthopedics,CA
898,Thomas Martinez,Cardiology,TX
899,Joseph Jones,Orthopedics,OH
900,Joseph Martinez,Cardiology,IL
901,Joseph Garcia,Orthopedics,PA
902,William Williams,Orthopedics,TX
903,William Davis,Cardiology,TX
904,Elizabeth Garcia,Dermatology,MI
905,John Williams,Radiology,MI
906,Michael Williams,Orthopedics,TX
907,Linda Jones,Cardiology,NY
908,James Johnson,Cardiology,TX
909,John Johnson,Orthopedics,CA
910,Elizabeth Garcia,Cardiology,OH
911,Mary Garcia,Cardiology,OH
912,Richard Martinez,Dermatology,PA
913,Elizabeth Smith,Orthopedics,OH
914,Joseph Williams,Cardiology,TX
915,Linda Miller,Cardiology,IL
916,William Smith,Radiology,CA
917,Jennifer Jones,Dermatology,OH
918,Joseph Brown,Radiology,TX
919,David Garcia,Cardiology,NC
920,William Jones,Cardiology,OH
921,Charles Johnson,Orthopedics,FL
922,William Smith,Orthopedics,GA
923,Charles Davis,Radiology,GA
924,Joseph Jones,Dermatology,TX
925,Linda Jones,Radiology,TX
926,Elizabeth Williams,Radiology,IL
927,David Miller,Radiology,PA
928,Joseph Jones,Cardiology,OH
929,David Davis,Cardiology,GA
930,Mary Jones,Cardiology,MI
931,Michael Smith,Cardiology,GA
932,Jennifer Smith,Dermatology,GA
933,Linda Johnson,Cardiology,GA
934,Charles Miller,Radiology,OH
935,Patricia Martinez,Dermatology,GA
936,William Rodriguez,Orthopedics,PA
937,Elizabeth Brown,Cardiology,PA
938,James Martinez,Cardiology,MI
939,Charles Smith,Radiology,MI
940,Thomas Jones,Radiology,IL
941,Linda Brown,Cardiology,CA
942,Robert Johnson,Radiology,TX
943,Joseph Smith,Cardiology,NY
944,Elizabeth Williams,Dermatology,TX
945,Linda Miller,Radiology,PA
946,Patricia Davis,Cardiology,TX
947,David Martinez,Radiology,TX
948,William Davis,Radiology,IL
949,Michael Smith,Radiology,NC
950,Jennifer Smith,Orthopedics,MI
951,Patricia Davis,Radiology,OH
952,Charles Brown,Orthopedics,TX
953,Thomas Garcia,Dermatology,PA
954,Michael Brown,Cardiology,IL
955,William Johnson,Cardiology,TX
956,Joseph Miller,Dermatology,IL
957,David Miller,Cardiology,TX
958,Thomas Miller,Dermatology,PA
959,Patricia Miller,Orthopedics,TX
960,Mary Miller,Cardiology,NY
961,Charles Martinez,Dermatology,GA
962,James Miller,Dermatology,MI
963,Elizabeth Miller,Orthopedics,FL
964,David Martinez,Dermatology,CA
965,Linda Garcia,Cardiology,IL
966,Richard Brown,Cardiology,CA
967,William Smith,Cardiology,MI
968,Robert Jones,Orthopedics,NY
969,William Rodriguez,Orthopedics,CA
970,Charles Miller,Radiology,PA
971,David Davis,Radiology,TX
972,Richard Martinez,Radiology,IL
973,Robert Jones,Dermatology,MI
974,Elizabeth Davis,Radiology,PA
975,Richard Smith,Orthopedics,PA
976,Mary Smith,Orthopedics,OH
977,Robert Garcia,Cardiology,TX
978,Joseph Davis,Cardiology,OH
979,John Davis,Dermatology,OH
980,Joseph Jones,Cardiology,NY
981,Joseph Smith,Cardiology,NC
982,Michael Smith,Cardiology,CA
983,Robert Miller,Dermatology,CA
984,Elizabeth Miller,Orthopedics,CA
985,Linda Davis,Orthopedics,FL
986,John Johnson,Radiology,IL
987,Jennifer Brown,Dermatology,OH
988,Linda Williams,Dermatology,GA
989,Elizabeth Brown,Radiology,TX
990,Robert Williams,Cardiology,GA
991,Patricia Smith,Cardiology,FL
992,Richard Brown,Orthopedics,TX
993,William Martinez,Orthopedics,MI
994,Linda Miller,Dermatology,OH
995,Thomas Williams,Orthopedics,FL
996,John Jones,Cardiology,TX
997,Charles Martinez,Orthopedics,GA
998,Jennifer Johnson,Orthopedics,IL
999,Robert Brown,Cardiology,MI
1000,Michael Davis,Cardiology,NC
1001,Thomas Martinez,Cardiology,NY
1002,David Williams,Cardiology,MI
1003,Thomas Garcia,Radiology,MI
1004,David Williams,Dermatology,IL
1005,David Williams,Dermatology,CA
1006,Richard Martinez,Dermatology,GA
1007,Linda Miller,Cardiology,NY
1008,Richard Smith,Dermatology,NC
1009,Joseph Garcia,Cardiology,NY
1010,William Miller,Radiology,FL
1011,Charles Garcia,Cardiology,FL
1012,Richard Miller,Cardiology,FL
1013,Joseph Rodriguez,Cardiology,MI
1014,James Davis,Cardiology,NC
1015,Michael Rodriguez,Cardiology,NC
1016,Patricia Martinez,Dermatology,GA
1017,Elizabeth Johnson,Cardiology,IL
1018,Thomas Johnson,Orthopedics,GA
1019,Charles Smith,Radiology,CA
1020,John Brown,Dermatology,PA
1021,Robert Martinez,Cardiology,GA
1022,Richard Johnson,Orthopedics,FL
1023,Richard Williams,Dermatology,CA
1024,John Davis,Orthopedics,FL
1025,Patricia Miller,Radiology,PA
1026,Richard Jones,Cardiology,PA
1027,Michael Jones,Orthopedics,TX
1028,Elizabeth Rodriguez,Cardiology,TX
1029,John Johnson,Radiology,OH
1030,Thomas Smith,Orthopedics,FL
1031,Joseph Martinez,Orthopedics,OH
1032,Richard Williams,Cardiology,PA
1033,Jennifer Brown,Cardiology,CA
1034,Jennifer Davis,Dermatology,GA
1035,Mary Davis,Cardiology,PA
1036,William Jones,Orthopedics,OH
1037,Elizabeth Williams,Orthopedics,NY
1038,David Brown,Cardiology,MI
1039,Mary Davis,Orthopedics,TX
1040,Elizabeth Davis,Orthopedics,CA
1041,Mary Davis,Cardiology,OH
1042,Michael Jones,Dermatology,CA
1043,Jennifer Martinez,Dermatology,NY
1044,Mary Davis,Cardiology,CA
1045,John Smith,Dermatology,NC
1046,Richard Rodriguez,Cardiology,GA
1047,Linda Jones,Cardiology,CA
1048,James Smith,Orthopedics,OH
1049,James Johnson,Dermatology,NC
1050,Thomas Jones,Dermatology,IL
1051,Jennifer Johnson,Radiology,PA
1052,Joseph Davis,Cardiology,OH
1053,Patricia Martinez,Dermatology,FL
1054,William Garcia,Dermatology,MI
1055,Joseph Johnson,Dermatology,OH
1056,Charles Smith,Cardiology,FL
1057,Robert Martinez,Cardiology,IL
1058,Charles Martinez,Cardiology,NY
1059,James Williams,Cardiology,OH
1060,Mary Johnson,Orthopedics,NC
1061,Linda Garcia,Cardiology,OH
1062,Mary Davis,Dermatology,MI
1063,James Brown,Cardiology,GA
1064,John Miller,Cardiology,NC
1065,James Miller,Orthopedics,TX
1066,Mary Rodriguez,Radiology,NY
1067,Joseph Martinez,Dermatology,TX
1068,Robert Davis,Cardiology,OH
1069,Mary Davis,Dermatology,PA
1070,William Williams,Cardiology,CA
1071,Patricia Williams,Dermatology,IL
1072,Richard Williams,Radiology,TX
1073,Charles Smith,Dermatology,TX
1074,Charles Jones,Cardiology,CA
1075,Robert Smith,Cardiology,NY
1076,Elizabeth Brown,Dermatology,NY
1077,Richard Garcia,Cardiology,OH
1078,Robert Smith,Dermatology,PA
1079,Jennifer Johnson,Radiology,PA
1080,Mary Smith,Radiology,IL
1081,Mary Smith,Cardiology,NY
1082,Richard Jones,Dermatology,PA
1083,Jennifer Garcia,Radiology,TX
1084,David Miller,Cardiology,OH
1085,Linda Williams,Cardiology,OH
1086,David Garcia,Cardiology,TX
1087,James Jones,Dermatology,MI
1088,Michael Miller,Dermatology,NY
1089,Charles Brown,Cardiology,IL
1090,Jennifer Smith,Dermatology,CA
1091,Michael Garcia,Orthopedics,GA
1092,William Rodriguez,Radiology,NC
1093,William Brown,Orthopedics,IL
1094,Robert Rodriguez,Radiology,NC
1095,Richard Jones,Orthopedics,OH
1096,Charles Miller,Orthopedics,PA
1097,Charles Smith,Cardiology,IL
1098,Thomas Martinez,Cardiology,CA
1099,Patricia Williams,Radiology,IL
1100,Charles Brown,Cardiology,GA
1101,Linda Martinez,Radiology,PA
1102,James Miller,Dermatology,NY
1103,Linda Davis,Cardiology,TX
1104,Joseph Garcia,Orthopedics,GA
1105,Robert Martinez,Cardiology,NY
1106,Joseph Jones,Orthopedics,GA
1107,John Miller,Radiology,PA
1108,James Miller,Radiology,NC
1109,William Smith,Cardiology,IL
1110,Mary Jones,Orthopedics,OH
1111,John Johnson,Radiology,MI
1112,John Garcia,Dermatology,OH
1113,John Jones,Cardiology,NY
1114,Elizabeth Brown,Cardiology,FL
1115,Linda Rodriguez,Radiology,OH
1116,Linda Johnson,Dermatology,CA
1117,Michael Johnson,Orthopedics,OH
1118,James Rodriguez,Cardiology,MI
1119,Michael Miller,Radiology,MI
1120,Linda Rodriguez,Orthopedics,FL
1121,John Martinez,Radiology,NC
1122,Robert Miller,Cardiology,GA
1123,Mary Rodriguez,Orthopedics,FL
1124,Jennifer Johnson,Radiology,PA
1125,James Jones,Orthopedics,FL
1126,Elizabeth Brown,Dermatology,FL
1127,Thomas Williams,Orthopedics,OH
1128,David Martinez,Cardiology,MI
1129,Thomas Williams,Radiology,GA
1130,James Jones,Cardiology,CA
1131,John Williams,Orthopedics,OH
1132,Charles Miller,Orthopedics,IL
1133,David Brown,Orthopedics,NY
1134,Robert Brown,Cardiology,PA
1135,Thomas Williams,Cardiology,OH
1136,James Martinez,Dermatology,OH
1137,Thomas Smith,Orthopedics,IL
1138,William Johnson,Orthopedics,CA
1139,Elizabeth Miller,Dermatology,MI
1140,John Martinez,Cardiology,MI
1141,Linda Martinez,Orthopedics,FL
1142,Jennifer Brown,Radiology,NC
1143,Elizabeth Jones,Orthopedics,OH
1144,Mary Martinez,Cardiology,CA
1145,Thomas Smith,Radiology,OH
1146,Jennifer Jones,Cardiology,NC
1147,Michael Garcia,Orthopedics,PA
1148,William Williams,Cardiology,NC
1149,James Smith,Cardiology,NC
1150,Robert Garcia,Cardiology,CA
1151,Linda Miller,Dermatology,MI
1152,Thomas Smith,Cardiology,IL
1153,Jennifer Williams,Dermatology,IL
1154,Patricia Rodriguez,Radiology,FL
1155,Jennifer Rodriguez,Radiology,FL
1156,James Garcia,Radiology,GA
1157,Linda Miller,Radiology,FL
1158,Richard Jones,Cardiology,TX
1159,Jennifer Smith,Orthopedics,FL
1160,Thomas Garcia,Cardiology,OH
1161,Richard Brown,Cardiology,CA
1162,Jennifer Miller,Dermatology,FL
1163,Patricia Garcia,Cardiology,MI
1164,Linda Rodriguez,Cardiology,GA
1165,Thomas Johnson,Cardiology,TX
1166,Joseph Johnson,Radiology,GA
1167,Linda Smith,Cardiology,MI
1168,Mary Martinez,Radiology,IL
1169,Joseph Williams,Cardiology,NC
1170,Michael Garcia,Orthopedics,TX
1171,Joseph Jones,Cardiology,PA
1172,Richard Miller,Dermatology,FL
1173,Jennifer Jones,Cardiology,OH
1174,Thomas Garcia,Cardiology,CA
1175,James Jones,Radiology,FL
1176,Thomas Johnson,Radiology,CA
1177,Richard Johnson,Cardiology,IL
1178,Michael Davis,Dermatology,FL
1179,Richard Garcia,Orthopedics,IL
1180,David Martinez,Dermatology,OH
1181,Jennifer Rodriguez,Dermatology,TX
1182,Linda Smith,Radiology,TX
1183,Mary Miller,Orthopedics,OH
1184,Charles Rodriguez,Radiology,TX
1185,Charles Brown,Dermatology,PA
1186,Patricia Johnson,Cardiology,IL
1187,David Smith,Cardiology,OH
1188,Richard Davis,Dermatology,NC
1189,James Rodriguez,Radiology,GA
1190,Linda Miller,Radiology,GA
1191,Joseph Jones,Cardiology,PA
1192,John Brown,Dermatology,CA
1193,Richard Rodriguez,Dermatology,MI
1194,Elizabeth Davis,Orthopedics,FL
1195,Michael Rodriguez,Dermatology,CA
1196,Robert Johnson,Orthopedics,IL
1197,Joseph Garcia,Radiology,FL
1198,Michael Williams,Cardiology,GA
1199,Jennifer Miller,Cardiology,OH
1200,James Williams,Radiology,NY
1201,Elizabeth Brown,Orthopedics,IL
1202,Robert Garcia,Dermatology,TX
1203,Elizabeth Johnson,Radiology,FL
1204,Mary Martinez,Dermatology,OH
1205,Joseph Williams,Dermatology,CA
1206,Mary Martinez,Radiology,IL
1207,Mary Rodriguez,Cardiology,MI
1208,Linda Brown,Cardiology,NY
1209,Patricia Davis,Radiology,FL
1210,James Davis,Radiology,NY
1211,Michael Jones,Dermatology,FL
1212,Robert Jones,Cardiology,FL
1213,Michael Jones,Dermatology,GA
1214,Mary Williams,Cardiology,MI
1215,Thomas Garcia,Radiology,PA
1216,Elizabeth Martinez,Orthopedics,FL
1217,Richard Jones,Dermatology,NC
1218,James Jones,Dermatology,IL
1219,Joseph Brown,Cardiology,GA
1220,Robert Smith,Dermatology,FL
1221,Thomas Jones,Radiology,MI
1222,John Brown,Dermatology,MI
1223,Michael Davis,Cardiology,GA
1224,Richard Garcia,Cardiology,OH
1225,Elizabeth Garcia,Radiology,NC
1226,Thomas Smith,Cardiology,OH
1227,Jennifer Garcia,Radiology,FL
1228,Jennifer Rodriguez,Radiology,CA
1229,Jennifer Johnson,Radiology,OH
1230,Thomas Davis,Cardiology,GA
1231,James Jones,Cardiology,PA
1232,James Rodriguez,Radiology,OH
1233,James Garcia,Radiology,GA
1234,Linda Rodriguez,Cardiology,OH
1235,Michael Jones,Orthopedics,CA
1236,James Garcia,Orthopedics,MI
1237,Joseph Rodriguez,Radiology,CA
1238,William Miller,Dermatology,NC
1239,Jennifer Martinez,Cardiology,PA
1240,Thomas Garcia,Cardiology,PA
1241,Elizabeth Rodriguez,Cardiology,CA
1242,Linda Rodriguez,Cardiology,IL
1243,Thomas Brown,Orthopedics,FL
1244,Michael Garcia,Cardiology,GA
1245,Mary Williams,Cardiology,NC
1246,John Brown,Radiology,FL
1247,James Miller,Cardiology,CA
1248,Joseph Rodriguez,Cardiology,MI
1249,Richard Williams,Orthopedics,NC
1250,Richard Davis,Cardiology,MI
1251,William Garcia,Radiology,CA
1252,Mary Miller,Cardiology,PA
1253,William Rodriguez,Radiology,GA
1254,Michael Davis,Radiology,GA
1255,David Johnson,Radiology,IL
1256,Richard Williams,Radiology,CA
1257,Michael Brown,Radiology,OH
1258,David Miller,Cardiology,OH
1259,Jennifer Davis,Cardiology,GA
1260,Thomas Jones,Dermatology,OH
1261,Joseph Davis,Dermatology,NY
1262,Joseph Smith,Cardiology,NY
1263,Mary Jones,Radiology,IL
1264,Robert Miller,Orthopedics,MI
1265,Robert Jones,Dermatology,PA
1266,Jennifer Johnson,Cardiology,NC
1267,Jennifer Brown,Orthopedics,MI
1268,Richard Martinez,Orthopedics,PA
1269,David Smith,Radiology,PA
1270,Jennifer Miller,Radiology,MI
1271,Elizabeth Smith,Cardiology,OH
1272,William Davis,Radiology,FL
1273,John Martinez,Radiology,MI
1274,John Jones,Cardiology,NC
1275,Mary Smith,Orthopedics,IL
1276,Michael Martinez,Radiology,GA
1277,Richard Miller,Orthopedics,MI
1278,Linda Johnson,Cardiology,TX
1279,Richard Martinez,Radiology,OH
1280,Elizabeth Johnson,Cardiology,PA
1281,Robert Smith,Orthopedics,GA
1282,Patricia Brown,Cardiology,NY
1283,Richard Martinez,Orthopedics,IL
1284,John Smith,Radiology,TX
1285,Joseph Johnson,Radiology,TX
1286,Jennifer Martinez,Orthopedics,OH
1287,David Rodriguez,Cardiology,GA
1288,Michael Martinez,Dermatology,CA
1289,Elizabeth Martinez,Orthopedics,CA
1290,Charles Davis,Radiology,MI
1291,Joseph Johnson,Orthopedics,OH
1292,Robert Garcia,Cardiology,PA
1293,Thomas Rodriguez,Cardiology,PA
1294,William Rodriguez,Orthopedics,IL
1295,Robert Davis,Orthopedics,FL
1296,Michael Brown,Cardiology,NY
1297,John Davis,Dermatology,TX
1298,Joseph Martinez,Cardiology,MI
1299,Joseph Williams,Radiology,MI
1300,Elizabeth Martinez,Cardiology,NY
1301,Robert Jones,Cardiology,NC
1302,Richard Johnson,Radiology,FL
1303,John Miller,Radiology,NY
1304,Charles Jones,Cardiology,TX
1305,David Johnson,Radiology,GA
1306,Michael Johnson,Radiology,NC
1307,Joseph Miller,Radiology,GA
1308,Linda Smith,Dermatology,NC
1309,William Smith,Dermatology,TX
1310,Patricia Johnson,Cardiology,FL
1311,James Brown,Cardiology,GA
1312,John Davis,Cardiology,NC
1313,Robert Brown,Cardiology,GA
1314,Patricia Davis,Dermatology,OH
1315,Linda Williams,Dermatology,PA
1316,Michael Rodriguez,Orthopedics,CA
1317,Linda Miller,Dermatology,IL
1318,Jennifer Martinez,Cardiology,TX
1319,Thomas Garcia,Dermatology,NC
1320,Mary Jones,Cardiology,IL
1321,Elizabeth Smith,Cardiology,FL
1322,David Johnson,Radiology,CA
1323,James Martinez,Cardiology,FL
1324,Michael Rodriguez,Dermatology,IL
1325,James Davis,Orthopedics,MI
1326,Jennifer Jones,Dermatology,PA
1327,John Jones,Orthopedics,CA
1328,James Johnson,Cardiology,FL
1329,Jennifer Johnson,Orthopedics,TX
1330,Patricia Brown,Radiology,MI
1331,Richard Miller,Cardiology,PA
1332,William Brown,Orthopedics,GA
1333,John Garcia,Cardiology,TX
1334,Thomas Garcia,Orthopedics,FL
1335,Robert Brown,Dermatology,OH
1336,Patricia Martinez,Cardiology,CA
1337,Thomas Brown,Cardiology,PA
1338,Thomas Garcia,Cardiology,GA
1339,William Brown,Orthopedics,OH
1340,John Martinez,Cardiology,FL
1341,David Smith,Dermatology,MI
1342,Richard Williams,Cardiology,FL
1343,James Smith,Radiology,NY
1344,William Williams,Orthopedics,IL
1345,Jennifer Brown,Cardiology,MI
1346,Joseph Rodriguez,Dermatology,OH
1347,Mary Garcia,Dermatology,IL
1348,Thomas Johnson,Radiology,CA
1349,Linda Johnson,Orthopedics,PA
1350,Mary Miller,Orthopedics,NY
1351,John Johnson,Cardiology,NC
1352,John Williams,Dermatology,NY
1353,Mary Garcia,Dermatology,CA
1354,Patricia Brown,Cardiology,NY
1355,James Miller,Radiology,IL
1356,Charles Garcia,Dermatology,CA
1357,James Garcia,Radiology,TX
1358,William Smith,Cardiology,CA
1359,James Garcia,Cardiology,PA
1360,John Miller,Cardiology,OH
1361,William Brown,Radiology,NC
1362,Linda Martinez,Radiology,NY
1363,David Smith,Cardiology,IL
1364,Michael Rodriguez,Cardiology,TX
1365,Joseph Martinez,Dermatology,GA
1366,Joseph Jones,Cardiology,MI
1367,Charles Williams,Cardiology,GA
1368,Elizabeth Williams,Dermatology,OH
1369,Jennifer Brown,Orthopedics,CA
1370,Mary Smith,Radiology,NC
1371,David Jones,Cardiology,NY
1372,Michael Garcia,Orthopedics,NC
1373,Linda Rodriguez,Dermatology,CA
1374,Mary Davis,Orthopedics,CA
1375,Joseph Smith,Radiology,FL
1376,David Martinez,Cardiology,FL
1377,James Johnson,Radiology,CA
1378,Robert Martinez,Cardiology,GA
1379,Elizabeth Brown,Cardiology,TX
1380,Elizabeth Smith,Cardiology,OH
1381,William Williams,Cardiology,TX
1382,Jennifer Brown,Orthopedics,FL
1383,James Johnson,Dermatology,NC
1384,William Rodriguez,Orthopedics,TX
1385,David Smith,Orthopedics,NC
1386,Patricia Martinez,Radiology,IL
1387,Mary Miller,Dermatology,MI
1388,Patricia Williams,Radiology,GA
1389,Robert Smith,Cardiology,FL
1390,James Smith,Radiology,CA
1391,David Martinez,Cardiology,PA
1392,Jennifer Johnson,Dermatology,NC
1393,David Johnson,Dermatology,OH
1394,Michael Johnson,Cardiology,GA
1395,James Garcia,Dermatology,NC
1396,Michael Rodriguez,Cardiology,OH
1397,Patricia Miller,Cardiology,OH
1398,James Smith,Radiology,MI
1399,John Johnson,Dermatology,NY
1400,Thomas Rodriguez,Dermatology,NC
1401,David Davis,Dermatology,MI
1402,Linda Davis,Dermatology,OH
1403,Joseph Johnson,Cardiology,PA
1404,John Garcia,Radiology,GA
1405,David Johnson,Cardiology,FL
1406,Robert Smith,Radiology,MI
1407,John Davis,Cardiology,IL
1408,Joseph Williams,Orthopedics,FL
1409,Jennifer Brown,Radiology,NC
1410,Linda Miller,Dermatology,FL
1411,James Rodriguez,Cardiology,NC
1412,Richard Brown,Dermatology,PA
1413,Thomas Davis,Orthopedics,NY
1414,Thomas Smith,Dermatology,NY
1415,Joseph Garcia,Dermatology,MI
1416,Charles Davis,Cardiology,GA
1417,James Brown,Dermatology,PA
1418,James Martinez,Cardiology,IL
1419,David Smith,Radiology,NY
1420,Jennifer Martinez,Cardiology,TX
1421,Jennifer Jones,Dermatology,NY
1422,Mary Martinez,Orthopedics,TX
1423,Charles Martinez,Cardiology,NC
1424,Elizabeth Smith,Cardiology,PA
1425,James Williams,Cardiology,PA
1426,John Williams,Cardiology,IL
1427,Elizabeth Davis,Orthopedics,OH
1428,William Johnson,Dermatology,NC
1429,Richard Brown,Orthopedics,NC
1430,Thomas Rodriguez,Orthopedics,CA
1431,Robert Miller,Cardiology,NY
1432,Patricia Martinez,Dermatology,NC
1433,Robert Garcia,Cardiology,GA
1434,Robert Williams,Radiology,GA
1435,Mary Martinez,Cardiology,TX
1436,Robert Martinez,Orthopedics,GA
1437,James Martinez,Dermatology,IL
1438,William Rodriguez,Dermatology,FL
1439,Patricia Martinez,Radiology,MI
1440,Jennifer Davis,Cardiology,OH
1441,Linda Smith,Orthopedics,NY
1442,Joseph Johnson,Orthopedics,NC
1443,Jennifer Williams,Cardiology,IL
1444,Michael Brown,Orthopedics,PA
1445,Jennifer Garcia,Cardiology,OH
1446,James Smith,Cardiology,FL
1447,Michael Smith,Dermatology,NC
1448,William Smith,Cardiology,NC
1449,John Williams,Orthopedics,IL
1450,David Jones,Cardiology,NY
1451,Linda Smith,Orthopedics,CA
1452,Linda Jones,Dermatology,NC
1453,Michael Johnson,Dermatology,MI
1454,Richard Miller,Radiology,TX
1455,James Martinez,Orthopedics,PA
1456,David Martinez,Orthopedics,PA
1457,Charles Rodriguez,Radiology,TX
1458,Elizabeth Rodriguez,Cardiology,NY
1459,Jennifer Brown,Dermatology,PA
1460,Richard Jones,Cardiology,MI
1461,Richard Brown,Radiology,GA
1462,David Williams,Radiology,GA
1463,David Davis,Cardiology,NY
1464,Patricia Jones,Cardiology,GA
1465,William Smith,Orthopedics,NY
1466,Robert Rodriguez,Cardiology,TX
1467,Thomas Davis,Cardiology,NC
1468,Thomas Brown,Dermatology,FL
1469,William Garcia,Cardiology,MI
1470,Patricia Rodriguez,Cardiology,NY
1471,William Williams,Orthopedics,MI
1472,Robert Brown,Dermatology,FL
1473,John Jones,Orthopedics,TX
1474,Richard Brown,Orthopedics,PA
1475,Elizabeth Brown,Orthopedics,MI
1476,William Smith,Cardiology,IL
1477,Charles Jones,Cardiology,FL
1478,Robert Rodriguez,Orthopedics,MI
1479,Elizabeth Garcia,Orthopedics,FL
1480,James Davis,Dermatology,FL
1481,Patricia Rodriguez,Cardiology,IL
1482,Joseph Miller,Cardiology,OH
1483,Linda Garcia,Orthopedics,FL
1484,Robert Smith,Cardiology,NC
1485,Mary Garcia,Dermatology,NY
1486,Charles Martinez,Dermatology,PA
1487,James Martinez,Cardiology,PA
1488,William Jones,Radiology,NY
1489,David Martinez,Dermatology,FL
1490,James Rodriguez,Dermatology,NC
1491,Charles Smith,Cardiology,NY
1492,Thomas Miller,Dermatology,TX
1493,John Smith,Radiology,FL
1494,Robert Johnson,Radiology,GA
1495,James Garcia,Orthopedics,TX
1496,Linda Williams,Cardiology,NY
1497,Jennifer Davis,Cardiology,PA
1498,Elizabeth Johnson,Orthopedics,NC
1499,William Davis,Cardiology,MI
1500,Patricia Smith,Dermatology,NC
1501,Mary Brown,Orthopedics,GA
1502,Jennifer Garcia,Cardiology,TX
1503,Joseph Miller,Cardiology,MI
1504,Linda Rodriguez,Orthopedics,OH
1505,Jennifer Jones,Cardiology,MI
1506,Patricia Williams,Cardiology,GA
1507,Joseph Jones,Orthopedics,IL
1508,Richard Rodriguez,Cardiology,NY
1509,Linda Davis,Cardiology,TX
1510,Robert Garcia,Radiology,PA
1511,Linda Williams,Cardiology,CA
1512,John Garcia,Dermatology,IL
1513,David Davis,Radiology,NC
1514,Michael Garcia,Cardiology,MI
1515,Michael Rodriguez,Cardiology,NC
1516,James Miller,Cardiology,NC
1517,David Smith,Cardiology,TX
1518,Patricia Davis,Radiology,IL
1519,David Brown,Cardiology,FL
1520,Richard Rodriguez,Cardiology,NY
1521,John Garcia,Cardiology,MI
1522,James Williams,Cardiology,PA
1523,Thomas Garcia,Cardiology,IL
1524,Linda Davis,Cardiology,TX
1525,Elizabeth Garcia,Radiology,NY
1526,Linda Martinez,Cardiology,OH
1527,Thomas Smith,Cardiology,NY
1528,Joseph Garcia,Radiology,TX
1529,Richard Garcia,Dermatology,TX
1530,Jennifer Williams,Dermatology,NC
1531,David Jones,Orthopedics,IL
1532,Robert Jones,Radiology,IL
1533,James Smith,Cardiology,NC
1534,John Davis,Radiology,PA
1535,Patricia Johnson,Orthopedics,IL
1536,Jennifer Williams,Radiology,NC
1537,Charles Williams,Cardiology,FL
1538,Elizabeth Davis,Dermatology,CA
1539,Jennifer Williams,Dermatology,IL
1540,Mary Johnson,Radiology,MI
1541,Joseph Garcia,Radiology,PA
1542,Jennifer Williams,Cardiology,FL
1543,David Davis,Cardiology,PA
1544,David Brown,Radiology,TX
1545,William Miller,Radiology,FL
1546,Thomas Johnson,Dermatology,CA
1547,John Williams,Cardiology,NC
1548,Jennifer Garcia,Cardiology,NY
1549,Richard Garcia,Radiology,OH
1550,David Williams,Cardiology,NC
1551,Robert Rodriguez,Cardiology,IL
1552,James Johnson,Orthopedics,CA
1553,Charles Jones,Orthopedics,TX
1554,Richard Martinez,Dermatology,MI
1555,David Jones,Dermatology,TX
1556,Jennifer Williams,Cardiology,NY
1557,Charles Smith,Dermatology,NC
1558,Robert Miller,Orthopedics,NY
1559,Michael Davis,Cardiology,GA
1560,John Rodriguez,Cardiology,NY
1561,Michael Williams,Dermatology,CA
1562,Jennifer Martinez,Orthopedics,TX
1563,William Johnson,Orthopedics,GA
1564,Patricia Johnson,Cardiology,PA
1565,Richard Smith,Radiology,MI
1566,Joseph Martinez,Orthopedics,PA
1567,William Williams,Orthopedics,FL
1568,Thomas Davis,Cardiology,PA
1569,Elizabeth Davis,Dermatology,NC
1570,Jennifer Martinez,Cardiology,NC
1571,John Jones,Radiology,GA
1572,Richard Martinez,Radiology,CA
1573,Richard Smith,Cardiology,FL
1574,Charles Rodriguez,Cardiology,GA
1575,Jennifer Garcia,Orthopedics,PA
1576,William Garcia,Dermatology,OH
1577,Michael Martinez,Radiology,NY
1578,Patricia Miller,Dermatology,FL
1579,David Johnson,Dermatology,GA
1580,David Rodriguez,Orthopedics,GA
1581,William Johnson,Dermatology,CA
1582,Charles Davis,Cardiology,PA
1583,Joseph Rodriguez,Cardiology,GA
1584,Robert Davis,Orthopedics,IL
1585,Jennifer Johnson,Cardiology,PA
1586,Joseph Miller,Dermatology,TX
1587,Mary Rodriguez,Radiology,IL
1588,David Williams,Cardiology,FL
1589,Patricia Brown,Cardiology,PA
1590,David Jones,Cardiology,OH
1591,Elizabeth Smith,Dermatology,GA
1592,Richard Rodriguez,Dermatology,GA
1593,Jennifer Garcia,Radiology,PA
1594,James Jones,Cardiology,NY
1595,James Jones,Cardiology,PA
1596,Mary Brown,Dermatology,NY
1597,Robert Garcia,Cardiology,NY
1598,Joseph Williams,Dermatology,OH
1599,Elizabeth Johnson,Radiology,IL
1600,Robert Miller,Radiology,TX
1601,John Rodriguez,Radiology,PA
1602,Thomas Jones,Radiology,TX
1603,Mary Rodriguez,Cardiology,IL
1604,Thomas Brown,Orthopedics,GA
1605,Elizabeth Jones,Cardiology,CA
1606,Patricia Jones,Orthopedics,PA
1607,Robert Brown,Cardiology,PA
1608,Robert Jones,Orthopedics,CA
1609,Joseph Williams,Orthopedics,IL
1610,Jennifer Brown,Cardiology,OH
1611,Mary Williams,Radiology,MI
1612,William Martinez,Orthopedics,IL
1613,Robert Garcia,Dermatology,OH
1614,Jennifer Johnson,Radiology,TX
1615,Charles Johnson,Cardiology,OH
1616,Mary Garcia,Dermatology,PA
1617,David Garcia,Dermatology,OH
1618,Jennifer Rodriguez,Orthopedics,OH
1619,David Jones,Dermatology,OH
1620,Thomas Garcia,Cardiology,OH
1621,William Williams,Radiology,NY
1622,Charles Martinez,Dermatology,NC
1623,Patricia Garcia,Dermatology,IL
1624,David Garcia,Orthopedics,GA
1625,Thomas Davis,Radiology,PA
1626,David Johnson,Radiology,GA
1627,Patricia Davis,Orthopedics,GA
1628,Mary Martinez,Radiology,IL
1629,John Jones,Cardiology,NC
1630,Michael Johnson,Orthopedics,MI
1631,William Martinez,Cardiology,FL
1632,David Brown,Dermatology,OH
1633,Joseph Davis,Dermatology,IL
1634,Patricia Miller,Radiology,GA
1635,Robert Garcia,Cardiology,MI
1636,John Martinez,Dermatology,TX
1637,John Williams,Dermatology,TX
1638,Elizabeth Miller,Cardiology,FL
1639,David Miller,Orthopedics,TX
1640,Thomas Brown,Dermatology,NC
1641,Richard Rodriguez,Orthopedics,FL
1642,John Brown,Cardiology,FL
1643,Mary Jones,Dermatology,CA
1644,Richard Johnson,Dermatology,OH
1645,John Martinez,Cardiology,NC
1646,James Davis,Radiology,TX
1647,Charles Davis,Cardiology,FL
1648,Joseph Williams,Cardiology,FL
1649,Mary Brown,Dermatology,PA
1650,Mary Brown,Radiology,FL
1651,Joseph Johnson,Cardiology,MI
1652,Mary Brown,Cardiology,PA
1653,Linda Miller,Dermatology,FL
1654,Mary Brown,Cardiology,IL
1655,John Brown,Radiology,GA
1656,Richard Davis,Cardiology,FL
1657,Elizabeth Williams,Dermatology,FL
1658,Mary Jones,Radiology,IL
1659,Jennifer Martinez,Dermatology,TX
1660,Richard Jones,Orthopedics,NC
1661,Mary Martinez,Cardiology,FL
1662,Thomas Williams,Dermatology,IL
1663,Michael Davis,Radiology,PA
1664,James Brown,Cardiology,OH
1665,Jennifer Davis,Cardiology,GA
1666,William Johnson,Cardiology,OH
1667,Richard Martinez,Orthopedics,GA
1668,William Johnson,Dermatology,OH
1669,Patricia Davis,Radiology,IL
1670,Joseph Miller,Dermatology,TX
1671,Jennifer Smith,Cardiology,NC
1672,John Williams,Radiology,NY
1673,Thomas Martinez,Cardiology,NY
1674,Linda Martinez,Cardiology,OH
1675,Mary Rodriguez,Dermatology,NY
1676,Michael Rodriguez,Orthopedics,MI
1677,Elizabeth Johnson,Cardiology,IL
1678,Patricia Martinez,Cardiology,PA
1679,Jennifer Garcia,Radiology,CA
1680,Richard Miller,Cardiology,CA
1681,Charles Martinez,Cardiology,MI
1682,Charles Williams,Cardiology,MI
1683,Elizabeth Rodriguez,Cardiology,NY
1684,David Garcia,Dermatology,GA
1685,Mary Brown,Cardiology,CA
1686,Joseph Miller,Dermatology,TX
1687,John Rodriguez,Cardiology,TX
1688,Mary Davis,Radiology,NC
1689,Richard Garcia,Orthopedics,MI
1690,Joseph Rodriguez,Radiology,NY
1691,Jennifer Jones,Orthopedics,CA
1692,Linda Garcia,Cardiology,GA
1693,Robert Rodriguez,Radiology,GA
1694,Elizabeth Johnson,Radiology,PA
1695,Joseph Johnson,Dermatology,MI
1696,David Garcia,Cardiology,PA
1697,Elizabeth Miller,Orthopedics,FL
1698,Patricia Davis,Orthopedics,OH
1699,Robert Williams,Cardiology,NY
1700,Jennifer Martinez,Cardiology,OH
1701,Michael Williams,Cardiology,FL
1702,Joseph Williams,Cardiology,GA
1703,Richard Martinez,Orthopedics,PA
1704,William Smith,Orthopedics,NY
1705,Charles Johnson,Cardiology,IL
1706,Michael Garcia,Radiology,NC
1707,William Smith,Radiology,OH
1708,Elizabeth Martinez,Dermatology,CA
1709,John Johnson,Cardiology,PA
1710,Linda Garcia,Radiology,FL
1711,James Rodriguez,Cardiology,IL
1712,Linda Jones,Cardiology,OH
1713,Jennifer Jones,Cardiology,IL
1714,David Garcia,Dermatology,MI
1715,David Johnson,Dermatology,PA
1716,Joseph Miller,Radiology,MI
1717,James Rodriguez,Cardiology,OH
1718,Robert Garcia,Radiology,MI
1719,Mary Davis,Orthopedics,IL
1720,Richard Williams,Dermatology,IL
1721,Robert Garcia,Cardiology,NY
1722,Patricia Williams,Radiology,MI
1723,Jennifer Davis,Cardiology,NY
1724,David Johnson,Cardiology,FL
1725,Joseph Johnson,Radiology,NY
1726,Charles Davis,Radiology,CA
1727,Mary Johnson,Cardiology,GA
1728,Thomas Miller,Orthopedics,MI
1729,David Martinez,Dermatology,NY
1730,John Rodriguez,Cardiology,NY
1731,James Martinez,Dermatology,NC
1732,Jennifer Miller,Orthopedics,CA
1733,Thomas Smith,Cardiology,NC
1734,William Garcia,Orthopedics,IL
1735,David Williams,Dermatology,MI
1736,Linda Jones,Cardiology,IL
1737,Linda Williams,Dermatology,GA
1738,Charles Jones,Cardiology,CA
1739,James Johnson,Orthopedics,NY
1740,David Johnson,Cardiology,FL
1741,Patricia Jones,Cardiology,TX
1742,Elizabeth Smith,Radiology,GA
1743,Elizabeth Rodriguez,Cardiology,CA
1744,Richard Rodriguez,Cardiology,IL
1745,Charles Williams,Cardiology,PA
1746,Jennifer Brown,Radiology,IL
1747,David Brown,Cardiology,PA
1748,William Smith,Dermatology,IL
1749,James Davis,Cardiology,PA
1750,John Davis,Cardiology,PA
1751,Charles Davis,Dermatology,NC
1752,Charles Smith,Radiology,PA
1753,Robert Rodriguez,Cardiology,IL
1754,Robert Jones,Cardiology,GA
1755,Joseph Davis,Dermatology,NC
1756,Mary Rodriguez,Cardiology,FL
1757,John Martinez,Orthopedics,FL
1758,Patricia Martinez,Orthopedics,NC
1759,David Davis,Cardiology,OH
1760,Thomas Smith,Cardiology,MI
1761,Patricia Williams,Cardiology,FL
1762,Patricia Davis,Radiology,CA
1763,Joseph Johnson,Cardiology,NY
1764,Michael Williams,Orthopedics,IL
1765,Charles Rodriguez,Cardiology,NC
1766,Linda Miller,Dermatology,PA
1767,James Johnson,Radiology,TX
1768,Charles Brown,Cardiology,GA
1769,Charles Rodriguez,Cardiology,NC
1770,Linda Smith,Cardiology,FL
1771,Mary Smith,Orthopedics,OH
1772,Michael Miller,Dermatology,NC
1773,David Smith,Radiology,PA
1774,William Rodriguez,Dermatology,IL
1775,Richard Johnson,Cardiology,PA
1776,Mary Brown,Radiology,FL
1777,John Miller,Dermatology,MI
1778,David Rodriguez,Cardiology,OH
1779,Elizabeth Jones,Cardiology,NY
1780,Michael Garcia,Cardiology,IL
1781,William Williams,Orthopedics,IL
1782,Jennifer Smith,Dermatology,FL
1783,Joseph Garcia,Cardiology,CA
1784,Robert Williams,Orthopedics,IL
1785,Jennifer Smith,Dermatology,FL
1786,Linda Brown,Orthopedics,IL
1787,Mary Jones,Dermatology,PA
1788,Joseph Miller,Orthopedics,NC
1789,Elizabeth Williams,Dermatology,MI
1790,Patricia Jones,Radiology,NY
1791,David Williams,Cardiology,CA
1792,Mary Rodriguez,Cardiology,OH
1793,Richard Davis,Dermatology,PA
1794,Richard Martinez,Radiology,OH
1795,Robert Miller,Cardiology,NC
1796,William Davis,Radiology,NC
1797,David Johnson,Orthopedics,CA
1798,Joseph Smith,Radiology,NC
1799,Joseph Brown,Cardiology,NY
1800,Richard Jones,Orthopedics,FL
1801,Thomas Martinez,Dermatology,PA
1802,Richard Williams,Cardiology,OH
1803,Joseph Williams,Orthopedics,FL
1804,James Davis,Radiology,PA
1805,Linda Johnson,Cardiology,CA
1806,Robert Davis,Orthopedics,PA
1807,John Brown,Dermatology,TX
1808,Richard Johnson,Cardiology,FL
1809,Charles Davis,Cardiology,TX
1810,Linda Miller,Dermatology,IL
1811,Michael Jones,Dermatology,OH
1812,Jennifer Jones,Radiology,GA
1813,John Johnson,Radiology,GA
1814,David Smith,Dermatology,TX
1815,Patricia Martinez,Orthopedics,NY
1816,Richard Johnson,Dermatology,CA
1817,David Garcia,Cardiology,FL
1818,Thomas Rodriguez,Radiology,MI
1819,Robert Johnson,Cardiology,FL
1820,Joseph Rodriguez,Cardiology,FL
1821,Charles Miller,Cardiology,TX
1822,William Williams,Radiology,IL
1823,Michael Miller,Cardiology,FL
1824,Joseph Martinez,Orthopedics,CA
1825,Joseph Miller,Orthopedics,MI
1826,Joseph Jones,Radiology,PA
1827,Thomas Smith,Dermatology,CA
1828,Thomas Davis,Orthopedics,IL
1829,Richard Jones,Dermatology,FL
1830,Robert Rodriguez,Cardiology,MI
1831,David Williams,Dermatology,PA
1832,Charles Brown,Orthopedics,NY
1833,Michael Johnson,Dermatology,IL
1834,Jennifer Smith,Cardiology,IL
1835,Joseph Rodriguez,Radiology,FL
1836,Linda Williams,Cardiology,CA
1837,Linda Johnson,Orthopedics,FL
1838,Michael Martinez,Cardiology,PA
1839,Mary Johnson,Radiology,GA
1840,Joseph Williams,Orthopedics,IL
1841,John Miller,Orthopedics,CA
1842,William Smith,Cardiology,IL
1843,Robert Davis,Orthopedics,IL
1844,William Rodriguez,Dermatology,NY
1845,William Garcia,Dermatology,MI
1846,Elizabeth Davis,Radiology,FL
1847,William Brown,Cardiology,NC
1848,Joseph Johnson,Orthopedics,MI
1849,Richard Rodriguez,Radiology,MI
1850,Richard Smith,Radiology,GA
1851,Jennifer Williams,Orthopedics,MI
1852,Mary Rodriguez,Cardiology,NY
1853,Jennifer Martinez,Cardiology,CA
1854,Richard Smith,Dermatology,CA
1855,William Davis,Orthopedics,CA
1856,Patricia Smith,Cardiology,PA
1857,Charles Brown,Orthopedics,PA
1858,William Smith,Orthopedics,IL
1859,Michael Johnson,Dermatology,OH
1860,David Miller,Orthopedics,FL
1861,Michael Garcia,Orthopedics,NY
1862,William Williams,Cardiology,MI
1863,Jennifer Smith,Radiology,PA
1864,Linda Jones,Radiology,IL
1865,Michael Martinez,Cardiology,IL
1866,Charles Brown,Orthopedics,CA
1867,Elizabeth Miller,Radiology,OH
1868,Patricia Rodriguez,Cardiology,OH
1869,John Williams,Dermatology,CA
1870,Robert Martinez,Dermatology,FL
1871,William Garcia,Dermatology,CA
1872,Thomas Smith,Dermatology,GA
1873,David Smith,Radiology,NC
1874,Mary Williams,Cardiology,PA
1875,Robert Williams,Dermatology,TX
1876,Joseph Davis,Orthopedics,NC
1877,Charles Williams,Cardiology,NC
1878,James Martinez,Radiology,NC
1879,Elizabeth Jones,Dermatology,CA
1880,Patricia Miller,Orthopedics,PA
1881,John Garcia,Radiology,FL
1882,Michael Smith,Cardiology,FL
1883,John Martinez,Cardiology,OH
1884,Robert Smith,Cardiology,TX
1885,William Miller,Cardiology,CA
1886,Joseph Johnson,Cardiology,IL
1887,Thomas Miller,Cardiology,MI
1888,Michael Smith,Cardiology,MI
1889,Joseph Davis,Orthopedics,NY
1890,Elizabeth Martinez,Cardiology,MI
1891,Richard Rodriguez,Dermatology,IL
1892,Jennifer Martinez,Dermatology,NY
1893,John Davis,Dermatology,CA
1894,Michael Brown,Dermatology,MI
1895,Elizabeth Garcia,Orthopedics,NY
1896,Charles Martinez,Cardiology,TX
1897,Thomas Davis,Dermatology,MI
1898,Linda Martinez,Cardiology,OH
1899,Jennifer Johnson,Cardiology,PA
1900,John Brown,Cardiology,TX
1901,Patricia Miller,Radiology,OH
1902,Jennifer Garcia,Cardiology,TX
1903,William Smith,Cardiology,NY
1904,Elizabeth Davis,Radiology,NY
1905,James Johnson,Radiology,OH
1906,Linda Rodriguez,Radiology,NC
1907,Charles Davis,Cardiology,NC
1908,Thomas Smith,Dermatology,GA
1909,James Martinez,Cardiology,CA
1910,Patricia Johnson,Cardiology,GA
1911,James Brown,Orthopedics,GA
1912,Jennifer Davis,Cardiology,OH
1913,Robert Davis,Radiology,MI
1914,Joseph Martinez,Orthopedics,CA
1915,William Garcia,Cardiology,GA
1916,Mary Williams,Cardiology,MI
1917,David Smith,Orthopedics,NY
1918,David Martinez,Dermatology,NC
1919,Richard Rodriguez,Radiology,OH
1920,Charles Johnson,Orthopedics,IL
1921,Robert Johnson,Cardiology,CA
1922,William Williams,Orthopedics,FL
1923,Robert Smith,Cardiology,FL
1924,James Williams,Orthopedics,CA
1925,James Rodriguez,Cardiology,FL
1926,Patricia Davis,Orthopedics,CA
1927,John Davis,Dermatology,CA
1928,Patricia Smith,Dermatology,GA
1929,Charles Martinez,Radiology,NY
1930,Robert Brown,Orthopedics,GA
1931,Linda Miller,Cardiology,TX
1932,James Martinez,Cardiology,OH
1933,John Martinez,Cardiology,NC
1934,James Garcia,Cardiology,TX
1935,Jennifer Smith,Cardiology,TX
1936,Elizabeth Williams,Cardiology,NY
1937,Michael Jones,Dermatology,NC
1938,Thomas Martinez,Cardiology,CA
1939,Elizabeth Miller,Dermatology,NY
1940,Joseph Jones,Dermatology,IL
1941,James Martinez,Cardiology,CA
1942,David Garcia,Orthopedics,GA
1943,David Williams,Cardiology,IL
1944,David Williams,Cardiology,TX
1945,Patricia Martinez,Cardiology,CA
1946,Michael Davis,Dermatology,FL
1947,Mary Martinez,Cardiology,MI
1948,Michael Williams,Cardiology,FL
1949,David Martinez,Radiology,MI
1950,Elizabeth Williams,Cardiology,IL
1951,Jennifer Brown,Dermatology,NC
1952,Jennifer Williams,Cardiology,CA
1953,David Williams,Radiology,OH
1954,Charles Smith,Cardiology,PA
1955,Robert Garcia,Radiology,MI
1956,Joseph Jones,Cardiology,FL
1957,John Garcia,Dermatology,MI
1958,Joseph Rodriguez,Dermatology,FL
1959,Joseph Johnson,Cardiology,OH
1960,Jennifer Johnson,Cardiology,IL
1961,Michael Jones,Cardiology,TX
1962,Charles Rodriguez,Cardiology,GA
1963,William Martinez,Cardiology,OH
1964,David Garcia,Cardiology,IL
1965,Joseph Williams,Cardiology,NC
1966,John Smith,Cardiology,OH
1967,Mary Johnson,Cardiology,TX
1968,Thomas Johnson,Orthopedics,MI
1969,Michael Brown,Dermatology,FL
1970,Jennifer Rodriguez,Cardiology,PA
1971,Richard Brown,Orthopedics,IL
1972,Robert Smith,Cardiology,NC
1973,Elizabeth Williams,Cardiology,GA
1974,David Martinez,Cardiology,FL
1975,Jennifer Rodriguez,Cardiology,OH
1976,Charles Davis,Dermatology,FL
1977,Patricia Davis,Dermatology,TX
1978,Joseph Davis,Dermatology,OH
1979,Thomas Brown,Orthopedics,NY
1980,Robert Rodriguez,Radiology,TX
1981,Jennifer Johnson,Cardiology,CA
1982,Thomas Garcia,Cardiology,NC
1983,Richard Garcia,Radiology,OH
1984,Jennifer Williams,Radiology,GA
1985,Patricia Jones,Dermatology,TX
1986,Linda Johnson,Orthopedics,CA
1987,William Martinez,Cardiology,CA
1988,Michael Jones,Cardiology,OH
1989,Michael Miller,Radiology,TX
1990,Elizabeth Garcia,Dermatology,NC
1991,James Smith,Dermatology,IL
1992,Patricia Brown,Radiology,MI
1993,Michael Miller,Orthopedics,FL
1994,Charles Johnson,Orthopedics,OH
1995,William Rodriguez,Radiology,OH
1996,Michael Garcia,Dermatology,GA
1997,Michael Miller,Orthopedics,NC
1998,Michael Brown,Radiology,FL
1999,James Brown,Orthopedics,USA
2000,Linda Jones,Dermatology,GA
2001,Yamini2,Gyanec,UK
2002,Milindh,ENT,NJ
